x_clean,y_clean,z_clean,x_data,y_data,z_data,x_odr,y_odr,z_odr
-8.0,8.0,27.0,-11.164049612555555,4.028336323963998,24.284888910900573,-11.22899423298422,4.042497053035002,24.279688505405424
-6.486403045606766,7.803170522369112,25.72552262089418,-4.648773341475473,6.4150783391442765,27.817933704312512,-4.074246873685797,6.28676325288013,27.90936862945356
-5.138017675952549,7.562589004321853,24.608810742027227,-2.2254653510779896,7.588383364749421,25.804696734706795,-5.150170014040784,8.267174942207888,25.206383305626
-3.9415062082175427,7.312988369075868,23.628928496670476,-5.529154143794382,8.424609554040517,22.187735951074668,-4.814356634659273,7.717501290181652,23.922401281964703
-2.882048155330657,7.078171712423252,22.765710683787596,-2.9023862484128355,7.342194303378494,21.007075604367994,-3.4565992413581332,7.920151107784335,22.77488783629367
-1.9443799153261465,6.87385318093341,22.001250091906996,-1.998791501944683,6.829544574890008,24.033624494046702,-2.6777435323146648,7.121436846719027,22.114357631803692
-1.1134914463055734,6.709948368576879,21.320459796457534,1.359972576066461,9.503343803848113,20.386808010445865,-1.5215746689827427,7.3841810781907835,21.220590964840234
-0.37506514189324036,6.592327519744762,20.71111450694134,-3.716577345423634,8.886933208208248,24.28879455927817,-0.9447989938812389,6.69818424095884,20.752911406785458
0.28427102578815194,6.524111266523393,20.163630824952268,2.2868844798164236,9.251566630505529,22.608197281938004,-0.008309422340697627,7.066824467940516,19.99797164055952
0.8768194802144929,6.50660382239039,19.670742729458727,-0.548401532324196,7.702092999128803,17.38019430983753,0.42801498375650765,6.509041088455412,19.67707122992801
1.413775661663168,6.539950624350338,19.22715989653236,-3.9108371165352382,4.555285821772559,19.083188354289778,1.2005991273443042,6.984874320102267,19.01840873808493
1.9052464019493096,6.623591506532153,18.829253486427646,1.62635453884279,7.531514641387783,18.991495128534883,1.5482181048019823,6.55685336855531,18.82050687395491
2.3603020481799293,6.756563842867041,18.474788514609607,3.1769382789735037,6.809389003842995,17.43867269788803,2.2010057550694717,7.133875632324034,18.23451407002845
2.7870468831867408,6.937695627173658,18.16270756737519,6.379116366161723,9.201187166895267,15.797259197672288,2.5016522080893075,6.831099644507695,18.150375409508523
3.192697083280001,7.165716933619887,17.892963056944065,3.942785346266138,8.660436547280524,16.289868864301752,3.069708166874584,7.50127759473251,17.62708467816783
3.5836587411846144,7.4393094550015455,17.666391569947088,3.1658993414820427,12.743991989311422,17.96756550209261,3.3567413717948944,7.3175452649334725,17.65761024294808
3.9656007396843584,7.757107372830078,17.48462234006773,2.8158312302181194,7.669601820096399,16.533970929055865,3.8674537081074107,8.073021512517055,17.196845484877077
4.3435187818302925,8.117658167159393,17.35001136345257,3.2988049051984127,10.90555634794463,18.35178311314706,4.167317263012304,8.001840149523359,17.35034903100558
4.721787886738508,8.519348709448822,17.265592513858977,-0.22465638135383958,12.334126200413406,14.97183363514722,4.641710220610908,8.834870088701175,16.95960555844014
5.1042013115261655,8.960299806050758,17.235036821971363,5.333407414435008,6.332962004048648,21.870321790132444,4.975153918630882,8.86904756293616,17.250337610641008
5.493994287804721,9.43823110462784,17.262610655485844,3.7618818736284867,10.659722298960183,13.846825646768547,5.428869201449054,9.770476101920028,16.943716046486514
5.893851270691965,9.950297884834702,17.353122790189527,9.266958989492524,8.982323088552294,18.450743960239418,5.811709066541235,9.90047663991208,17.390934055871394
6.305895684298598,10.492901768584234,17.511849312773656,1.6265299394185,10.386852033465047,23.636248724534134,6.255495193063179,10.857055783322041,17.188411404972655
6.731661503636955,11.061478922124824,17.7444240598343,10.243133744138582,7.409215434788775,22.33671093928347,6.698783510332051,11.068332319238888,17.815266121836885
7.172046537420051,11.650272049285602,18.056681112167354,6.570250849977958,10.739628112417577,16.16654586034297,7.138401328742216,12.059016240149433,17.741524851015633
7.627248075011394,12.252096564448095,18.454435120415877,1.2141013422493856,12.122101944185086,16.93672007777581,7.647927570581101,12.328499657766267,18.572928090585176
8.096682743327648,12.85811688949053,18.94318551612143,6.892141547519494,13.158435294591799,14.581805997488772,8.083432056422847,13.320002580448266,18.6548157020548
8.578894087271925,13.457655768926562,19.52773274574708,10.167299612031004,12.376216435765784,15.177179505561831,8.658542231127512,13.612223397183083,19.71331088309182
9.071453610744694,14.038067441775073,20.211699520396998,5.704133601701657,14.763206986111951,17.713602109997296,9.082999257359555,14.554650132842022,19.974878600579693
9.570863796906552,14.584713535672575,20.996958743906664,12.850524830847752,17.122458896627045,16.114443463193318,9.714869089394831,14.818658149248614,21.27355684447688
10.072474849362894,15.081087053407579,21.88298315724405,10.72264722293667,15.11087318754488,18.244760722207385,10.112772704848984,15.64296573215176,21.72782758823719
10.570430263558846,15.50913240184833,22.86615016494297,8.89493930773247,16.715708021566886,21.984922126929348,10.782557790434025,15.812250980746263,23.25993161219038
11.057659316826363,15.849804962058975,23.939058044112866,6.702725984423645,11.03546177502863,24.219510257764753,11.12856792636655,16.432458455635366,23.89757971897811
11.525936360486288,16.083898853454205,25.089934317405103,17.25112577006383,18.718180628641846,21.45205904217886,11.806288090367262,16.430989239127225,25.624150715426236
11.966026391109526,16.193143612335284,26.302238838400328,15.265418863652549,16.098715378962535,24.863209052993106,12.065353489508617,16.75457853727532,26.401601446746263
12.367932682444222,16.161528886583746,27.554576243972903,22.27832511415525,16.823319492780975,30.872506597470267,12.710802452175738,16.511650458033987,28.241505599269605
12.721254401534072,15.976764090103446,28.82102676967273,9.149084051826373,17.61134250146974,30.37324015439189,12.841004776864361,16.459900871201164,29.074217960896558
13.015649857685533,15.631725418383676,30.071973787046886,15.597731323597504,16.170678842656855,31.746348607610045,13.40801438018951,15.933109172000224,30.90388318360778
13.241385134731171,15.125698806340713,31.27544769064594,10.332475712950298,19.105800176292526,29.67823415978197,13.367071966906652,15.467837306823007,31.672514934082685
13.389930458399437,14.465210093908642,32.39892330028782,14.544408214334702,15.03176766469363,37.65286254409673,13.81156521190301,14.666922457489328,33.34239752591987
13.454551121156593,13.66425659540111,33.41141551310581,12.411120718973873,7.598749312569225,31.845656412578347,13.566450243771587,13.812748910901794,33.91635512945043
13.430830138257367,12.743823055801823,34.28563735378734,12.446288804655774,14.161544710358681,36.46575720006055,13.856739834302715,12.811154288808943,35.28415822168048
13.317059597387907,11.730672113143566,34.99994019350861,15.752249797022495,8.667831835674797,39.740138894847604,13.39364101130114,11.659093616764867,35.55716359228934
13.114448701112313,10.65552336750108,35.53976612639643,12.87631551985673,11.00586929629126,35.83278175459832,13.519305282541433,10.58199784531433,36.52598499559967
12.827117881514878,9.55084551072648,35.898411505646585,17.38912434421998,12.69752230023276,37.2782513448762,12.84972579232699,9.267464413290625,36.44755212600995
12.461876326993847,8.448553156124316,36.07701474211635,11.947398598693267,10.291838371479082,35.91881514922127,12.82496181502743,8.257727394899844,36.99003050244288
12.027809077070794,7.377906199118902,36.083812437571304,14.580426386631904,5.270731397232222,34.282624376787865,11.984769924711701,6.921660682262623,36.57595406296843
11.53572349681249,6.363855230656134,35.9328226488569,16.54944820489495,8.046012496606744,34.05846686626507,11.844426638899277,6.099874562313284,36.73210398728952
10.997518926918495,5.4259797388384605,35.642186117532326,13.218335320506347,11.139776208338166,35.82459650145179,10.88604611688585,4.852600482525972,36.049690641515845
10.425545812807002,4.578054561991149,35.23241412754398,7.944486561388364,2.999693204805709,35.33115531230119,10.676225980806567,4.2906498462500045,35.90247827962274
9.832012735478019,3.8281818471482105,34.7247603067622,8.419987982129484,-1.618486256714752,32.18954286009763,9.657469725086486,3.1942028245600693,35.04164890404553
9.228484724957784,3.1793592703265996,34.139870116816674,7.586933126144029,0.39538413542099615,34.06514888655895,9.424900221243904,2.9108857183217443,34.6860071516297
8.625498133434105,2.6303267317702725,33.49678705939743,7.195949064678636,2.0982579985257996,30.305775761265814,8.398836552161326,1.981798418157477,33.732394875925536
8.032299930365149,2.176538542409521,32.812326840122054,5.07967080464859,4.384855160912764,35.72587563981553,8.182766534114423,1.9553432653013658,33.25200725858614
7.456705165240358,1.8111353620338464,32.100780899732584,8.585948359266368,0.7835952682393297,27.65040423346423,7.191391589921119,1.17926332698226,32.27164385798186
6.905056748216793,1.525827586862281,31.37388228090516,8.580829798518955,-2.724447859965423,33.05666968630782,7.019590107790796,1.3657378040525414,31.728591957666456
6.382266651663036,1.3116394631203354,30.64095745390898,4.2617295339240595,-2.0044657341602226,32.399989106795246,6.091719757875704,0.7137340064297013,30.76448894108005
5.891916381065048,1.1594946167806361,29.909192185881384,4.427385778278365,1.278696576159457,27.614555759298682,5.980113187969818,1.0628587730853287,30.19906708018086
5.436396000211457,1.0606462904791432,29.183951921991184,3.5381548567401886,4.257449911171161,31.731767960793743,5.132361507496684,0.5035724976831454,29.27499592594797
5.017064013790645,1.0069694073476716,28.469112491722456,14.344589918519725,-1.9686234294512694,31.072218997235098,5.086908876006101,0.9687013558360824,28.71049297998267
4.634414092433554,0.9911381845974917,27.767371843435242,5.071126359940681,2.5702333956442764,23.321445228148683,4.326234719183802,0.47510536015281096,27.83709694172505
4.288238319181617,1.0067144699016017,27.080526056041744,4.53249402197862,-0.9662635249987463,28.800435154631764,4.345674595212878,1.0178413577094332,27.28550442606823
3.97777994855655,1.0481702405908124,26.40970237635692,5.398939020941142,3.7065869279878925,26.12090055431392,3.6723041476488913,0.5698033736704369,26.46583234327582
3.7018714126629564,1.1108643530115772,25.755548548585292,6.72219206562238,2.8221841788308435,21.46760772463342,3.7508633295474705,1.161062461264155,25.932505616919183
3.4590554392445756,1.1909897416325457,25.118381701734233,0.5852940492109684,3.56186539210527,25.450139939304957,3.1609079459604184,0.7454290026563944,25.16594356713262
3.247688706630372,1.2855035043646756,24.49830214276904,0.40684810417916983,3.570269335356097,23.882489670901293,3.2905309981977178,1.3646620058625873,24.652746140185148
3.0660285346873737,1.392049010869173,23.89527815083266,10.442237622688044,2.051459100968584,29.304383907413108,2.778031704589491,0.9742089896049551,23.937395900466594
2.9123037969163637,1.508876458884163,23.309207769349367,5.606778285884127,-1.5935325830765685,16.92324666079228,2.950011058423646,1.6079292211673395,23.444564898951324
2.784771630188016,1.6347661776499167,22.73996301947265,3.3835376159742916,-1.592308082204281,20.941742656580164,2.5083869860068333,1.2399947910456894,22.778500192410146
2.681761696224736,1.76895737118348,22.18742117016921,7.361773247739368,0.3417273793494189,24.410424021566286,2.7144420428245213,1.8802356219776086,22.305652403509477
2.601709778294817,1.9110838172862166,21.651486865471153,3.644575917363571,2.9246414865999624,23.960370644891594,2.337433238997537,1.5354420629997345,21.687497850377337
2.543182428208207,2.0611171993735966,21.132108126971122,1.149526297779585,0.020618581764884514,21.508470754297978,2.5703521032839314,2.1784219647798233,21.234141894670547
2.5048942500141185,2.2193181659490526,20.629288569712763,-0.46173710580485494,-2.7314703334647317,21.87551033380661,2.2525803043201647,1.8596461251610532,20.663305552141498
2.4857192445596157,2.3861948190332716,20.14309761059789,-0.24119680908203378,4.525175425422554,20.008664230060386,2.506546610501235,2.5047263187279776,20.22911194738424
2.4846974617168693,2.5624680741614663,19.67368000932188,-1.03955267730153,-3.1932532996018255,20.216527402349843,2.243811205880932,2.2163485755750485,19.70587990724047
2.501038026779667,2.7490431687990284,19.221265751146277,2.722069723426633,4.03862833739304,21.7132998667997,2.514522301950552,2.8652749344723056,19.290861466845513
2.53411943176967,2.946986491054351,18.786181042216835,0.8357988558254545,4.6089226027243715,18.51882830508641,2.303926965887629,2.612677015283448,18.81647273605952
2.583487815285896,3.1575068316665535,18.36886102402278,1.835778137288859,5.93808467375875,21.736009705176755,2.588585552823445,3.2690581137852073,18.421161712092612
2.6488537977170243,3.381940110130842,17.969864706915832,-0.7869139514736041,0.44167454847870147,15.550799089394692,2.4285659857345325,3.0583161684461957,17.997927016261496
2.7300882919608576,3.6217365750439288,17.58989255763057,4.738154917742529,5.51720383796619,22.0912871481946,2.725803085036459,3.7272749204280133,17.623598940687543
2.827217571782851,3.8784494164642225,17.229807138066178,2.261712200478475,3.756302623116084,16.194203750503693,2.6161030381548724,3.564985910704229,17.255099323503334
2.940417748127834,4.153723643167663,16.890657168648982,3.666960751262465,5.337401388371744,20.75959088599531,2.9258687011360287,4.252916771724414,16.904077193598393
3.0700086748432884,4.449283960169332,16.573705365862605,4.435822721123321,6.118053465761721,18.737530983318486,2.8674912417475733,4.146091759811497,16.5954670021125
3.2164471755485593,4.766920222684666,16.280460365410928,2.228281610215346,4.596396870270569,20.514835418266657,3.1909309186914028,4.8604493358681875,16.271534366170243
3.3803193485060183,5.108468833704428,16.012712972997747,7.5354030300530095,4.908662607470724,15.032861471601802,3.1860740863996657,4.816399192874753,16.02996965996264
3.562331561733602,5.475788186951847,15.772576863009723,5.693404779348779,6.821443370763207,17.946251774563653,3.525391857127705,5.565430838317902,15.738919792516723
3.7632995915848033,5.870725931259674,15.562533645043688,2.8289284129953507,3.9052935484954316,17.122884042639278,3.5773607793775226,5.5915527162895975,15.574129703181342
3.9841351802322094,6.295075447161074,15.385481905418953,3.827147379109862,6.564672091292022,14.737335250947925,3.9356537590018443,6.383862187904182,15.324472888795338
4.225829087393642,6.750518490545909,15.244789362647646,5.796357326613838,5.845489768720499,17.42776899861339,4.048722636138066,6.487204250077238,15.249479164495849
4.489429487459095,7.238550493351953,15.144346598961354,8.521103886696729,6.3346661285816435,17.2189303841833,4.429751401875181,7.3309917680091035,15.053310863901165
4.776014316279481,7.760384559266872,15.088619880382172,2.7244766377476104,5.26295412850683,18.3886685659782,4.608925950080466,7.5174263907523375,15.08526665214965
5.086655908838139,8.316829825017443,15.082699282650434,6.045529067748838,9.234858824255268,17.958878710642693,5.016761369240731,8.419191955017878,14.95924940569516
5.422376004566091,8.908139689403338,15.132336623724727,6.394658229318769,5.000289912266107,13.598738662029268,5.267363142361421,8.691966824320641,15.12029110196864
5.784088958073996,9.53382561540202,15.24396549892718,9.297175133354791,13.791284410926533,13.367728233420722,5.705819165242181,9.654397660937347,15.086595781462432
6.172530823816037,10.192433033115217,15.4246929870399,4.2091020917249065,7.2032712308572355,18.376848705841393,6.032777622060902,10.011778127629817,15.40444958583942
6.588171951535718,10.881277650371192,15.682249378090297,5.319661408461987,8.493926792853651,17.377124882003955,6.504504823637615,11.030501273810206,15.491299461963987
7.0311109333811,11.596143645469922,16.02487872402923,9.9992101730323,9.188663775481189,14.66576430047985,6.911207245639355,11.462218790822726,15.999118261416816
7.500948317230983,12.3309502826273,16.461149492955965,6.22888189827578,11.840572491461792,17.04750578010022,7.416294957684654,12.52116959677827,16.24024498619259
7.996639615349317,13.077400984225445,16.999661779366097,10.504450856112477,11.960645369171075,19.272104628764037,7.90282859348954,13.003567341002435,16.974750059267826
8.516328994507317,13.824639237092272,17.648626460142008,10.878538860161482,13.180739075359318,22.430011403136124,8.436775532909905,14.069070290203506,17.4066106971216
9.05716784191535,14.558948993778372,18.415293953757097,7.278663154473953,13.635329294495952,23.546149968838478,8.997447052480535,14.559395985184864,18.403145248493495
9.615126328805392,15.263552870622615,19.305217890148352,11.627949209080821,19.150471209792926,15.739463334792944,9.548474275073087,15.57393090210767,19.058322482766883
10.184811186207286,15.918577730330053,20.32135437629354,9.499551161569485,16.609142063268017,21.85228225768447,10.168691402452005,16.005427208817846,20.34119720520688
10.759308969502532,16.501270841763922,21.463022777068673,16.16851616720116,16.365628295721926,19.932150878903187,10.714683348901362,16.88368371498909,21.23650328772503
11.330080533403347,16.98655546971737,22.7247899906308,9.885589592830502,19.248111670431847,21.197798898466882,11.36773607325999,17.16502942241507,22.803757471596764
11.886938146004434,17.348005439055342,24.095385490079686,11.690795599201838,18.68012912616156,22.31595070782394,11.873689507535067,17.796994624756305,23.923137830929655
12.418139912467643,17.559286290986133,25.55680314886456,10.666572966183068,19.0267821494535,24.06814713099172,12.518707775320616,17.821497908413818,25.727643575266445
12.910634729412559,17.596050312338143,27.083786872908345,11.37060300680947,18.56270846325811,26.55757193766337,12.936368579501822,18.08848210647212,27.004034515629304
13.350482525103084,17.438183859080016,28.6439139691584,8.96477683210237,20.691096389755838,29.482738273784303,13.519514863499662,17.75788628655531,28.93822235434099
13.723457393481477,17.072197848610724,30.198464443293165,18.275233396845778,16.879192202454135,34.30272485815834,13.791407234531325,17.56440984925962,30.24447595433689
14.015815433815922,16.49344849605601,31.704181709707857,11.889118138481464,17.170757925934875,29.040497992546282,14.25243695653524,16.825866875918784,32.14145500486247
14.215177386018242,15.707808517523885,33.11588925729545,12.874885239679509,18.792657960492903,38.30474046406523,14.321770072358703,16.140474259634306,33.30369475213007
14.311444332283157,14.73241455415282,34.389748323311196,16.948683854076272,14.362235403846734,35.180830638958966,14.606416830808772,15.02282991634929,34.96633323969856
14.29764099903027,13.59521764242822,35.486765735671675,18.109353466147123,13.292791835657772,32.9006667938835,14.43159748614651,13.907689750239781,35.805830393579114
14.170573916023534,12.333255795407762,36.37604411786668,17.263562603205536,9.842512244920789,34.295691832387206,14.506641448219378,12.533352078300089,37.060965225901846
13.931206353871772,10.98981194366681,37.03725730511542,12.481981913565066,12.541553996704744,38.793769411314,14.07522570998675,11.139149835023199,37.45100290395532
13.584688362750489,9.610850505989402,37.46195135357211,13.715040572633919,11.026070479627107,38.671817328002085,13.939713036840363,9.695189757701403,38.20435165105667
13.14003149464589,8.241271936996649,37.65349217603608,11.018050504790972,9.573002376383217,38.2070731248213,13.274804679067408,8.215843554688155,38.11124095081967
12.609472039378403,6.921541890319627,37.62574304889317,10.803937266383796,6.707281854099446,37.01759587943512,12.961280224212736,6.894551197232333,38.37102499861402
12.007610882690992,5.685139283702332,37.400783177036274,8.551642789016952,5.680168862959478,37.689017120026485,12.116457529730173,5.505080749282683,37.85459388884504
11.350442768152254,4.55706764858037,37.0061122726223,13.51619563973902,0.17530090203786042,37.703579852868224,11.681254776313283,4.447109268116094,37.71161535211215
10.654389422112105,3.5534517722657233,36.47180293928402,11.425978322477603,5.012689275074445,37.34514397556805,10.726489541452489,3.259240705599803,36.88876763409786
9.935432810902086,2.6820576943155556,35.827979640811535,9.751101823848723,6.053935431868382,37.217399206007485,10.234181349519762,2.527860010573589,36.47049304499943
9.208414287432282,1.943464920998666,35.10286304352589,12.353179481589898,-0.517931132194019,33.94034078225671,9.239658350430645,1.580745294372679,35.4682215782259
8.486531345432347,1.3325910808255992,34.321469435642676,8.541199213067705,-0.9480391018876577,42.5032582131704,8.748784030469574,1.1703886485606774,34.89570114837667
7.781033420704832,0.8403035698853886,33.50493290771963,6.087331599570799,-0.3364748704234496,37.69126226121183,7.772897220532508,0.44853081492707414,33.818031960749636
7.101095973139401,0.45492212205943927,32.67034034864712,9.09199773851373,2.1454364937981354,29.927128011973434,7.3274393026492275,0.3112189315570998,33.18256112438278
6.453839194356144,0.1634942701392012,31.83093636256439,4.0601268625658635,0.6036864950690997,28.56269784777037,6.411369113807535,-0.2290123024338034,32.098802646146844
5.844453089742374,-0.04720591950194774,30.996556753139547,5.6002606008519304,0.752522154550449,28.345953328999233,6.038447296750428,-0.15716135040300058,31.457999435337605
5.276392183119655,-0.18995538458329028,30.17417156290348,4.134015440407369,-2.3468711410553933,33.55612201768434,5.206247040457743,-0.5659884686657474,30.406190585215125
4.751608256125954,-0.2766048910950046,29.36844950306537,5.25010594305242,1.5467009938979386,29.10149619208195,4.918052719383831,-0.34695986948961943,29.790783002751095
4.270796286998191,-0.31780195759515045,28.582286316107044,-2.1831091291642624,1.155733233183938,33.224827183603374,4.17981364310792,-0.6688527819571005,28.78712023482663
3.8336356193200394,-0.3228659855795928,27.81726540798165,8.45417110535815,0.6910831629860397,26.647071577653293,3.9774084903111064,-0.3542149084697396,28.21037078749492
3.4390144975199375,-0.299771824851323,27.074038239104322,3.7890621821973163,2.154274571805694,33.001824935287104,3.333369391477507,-0.6231569605762575,27.258426992367607
3.0852310601200075,-0.25520532298086523,26.35262466250762,6.552906500728341,-1.9446625712796841,25.799159576612613,3.2106621707713967,-0.2518771525030753,26.723969944422596
2.770167615628955,-0.19466250588156916,25.65264077810705,0.9445348605232262,1.620554537250925,19.87172487499022,2.654996845103122,-0.49111756254503586,25.82130946824198
2.491437655317628,-0.12257153794977613,24.973465345237127,2.1140665205128695,-0.7640780007069927,26.198381535610924,2.6020609961194645,-0.09062234602009667,25.328300281303257
2.2465067785875608,-0.04242289470838665,24.31435667326418,2.6750053760563013,0.03734004401011807,21.92035057922222,2.125831148106966,-0.3144022072576205,24.47039081551321
2.0327897324034137,0.04310190037035226,23.67453124317603,-1.9095670379885799,1.1701133534743442,24.96900621681509,2.131321648657777,0.09718574559993613,24.01636956415844
1.8477262887678094,0.13200896599148287,23.053213861067718,-1.0673130721232993,-1.8192733799151144,24.637673410557127,1.7245331521747294,-0.1185957128233256,23.198530888050808
1.6888388616334218,0.2228815644786093,22.449667409630845,3.0932249496609447,-0.15119077247568236,23.85566193176508,1.7772683948519903,0.2929288891444712,22.780780581504565
1.553774718483395,0.31478201023790825,21.86320854860706,2.443654914498256,1.2151853809545914,21.11010479225479,1.4301688895556586,0.08241422231657058,21.99896265098112
1.4403354607451346,0.4071663998549445,21.293214180413973,0.905758860178122,5.465653728798776,25.665192711738637,1.5200558370708241,0.4876911055595269,21.615030551118014
1.34649619322706,0.49981183254660416,20.73912221037759,0.42073920782215246,2.7905569787303746,19.542113331772956,1.2238658168028553,0.2828115642238588,20.86599859944096
1.2704165175328341,0.59275534669721,20.200429103286307,1.7619845443121955,2.6631214141449586,22.492564371477034,1.3423588099943387,0.6790916245576312,20.51381988338898
1.2104451947584924,0.686243560901837,19.676685949481115,0.7485540529084571,3.257348683381987,19.513412119990228,1.0896154271044036,0.4821283636142699,19.79509351490445
1.1651200451670685,0.7806919070963656,19.16749417039091,-4.4256093100676726,1.9927337264714975,20.131118921675878,1.2298706047172079,0.8689940756216902,19.47296276304586
1.1331643963287912,0.8766523307366481,18.672501577323494,-0.051437718595082504,5.008576418883853,19.245642425908738,1.0145276154153542,0.6833400411363773,18.782688945253238
1.1134811610691095,0.9747883754632739,18.19139921221489,4.099958729974343,-2.345698133489631,19.668995260399477,1.1713763352538937,1.0619605770257596,18.489198666782166
1.105145424083133,1.0758566446749258,17.723919213284997,3.844934502358936,2.4000773600070913,21.06828724544968,0.9887654537245539,0.8916259426799381,17.82603872786765
1.107396240926175,1.180693724589939,17.269833836098677,5.148806427613643,-0.5485383626413316,17.751015926088883,1.1585942058570926,1.2642903668844345,17.56003441841319
1.1196282037718883,1.2902077522599504,16.828955700904842,2.7044928193329616,0.597165892799242,14.299225344667303,1.0053204258750676,1.1136381652349026,16.923093945452564
1.1413832026570232,1.4053739104587573,16.40113931484698,-1.666264862909783,-1.6528763023119422,13.109017796332047,1.1859157047751838,1.4834954435116319,16.683662324832433
1.1723427063603509,1.5272332244383557,15.98628392146491,5.783561173160763,5.658268696414189,13.271332918728563,1.0597338304326203,1.3571435938536274,16.072471042927845
1.2123208008916226,1.6568941196808995,15.584337752016557,-1.1943635907207855,4.824790715487908,14.740512101810078,1.250128723485173,1.7280923522497122,15.858966096216902
1.261258153059476,1.7955362723144936,15.19530378837875,2.855196192455297,1.1928780771351062,14.22235349408007,1.1498299862176358,1.6309324633041387,15.27350880159821
1.3192170090417776,1.9444163425980905,14.819247192481994,0.628265777862745,1.20529042156241,13.022919918191066,1.3501738719170626,2.0076172802921888,15.08561884274496
1.3863772906506198,2.1048752247327522,14.456304610693364,-0.5774491559295902,-1.1271841269946403,13.528235244085371,1.275498824210738,1.944913150733711,14.52642029461988
1.4630338124668234,2.278346470956775,14.106695622578064,0.8074916124672571,1.3398947198360907,17.268314366793444,1.486961136655318,2.3327953730664928,14.364283011190405
1.5495946086261387,2.466365551686222,13.770736671944407,3.3114319782301287,1.9635287309580485,14.82382055367076,1.4385465349943092,2.310333381769441,13.832555380959798
1.6465803261320135,2.670579592843339,13.44885789415873,0.42609761146913305,-2.2621959855872227,14.39764805061766,1.6632585877630135,2.715811775178812,13.696934282528076
1.7546246093729108,2.892757181834095,13.141623337443567,4.192655541529678,3.104761644023832,13.417850881170361,1.6426202821969251,2.7400802454591493,13.194803757533354
1.874475365015154,3.1347977487786984,12.849755166745295,-6.851966522182792,2.8346200806896773,16.20167686776515,1.8836542534948224,3.1706391105098346,13.087347911718826
2.0069967542227594,3.3987399015773585,12.574162535202344,3.352126074849643,5.107903655402613,9.372001360562699,1.89320379996097,3.2490129210742054,12.61818700400741
2.1531717062771967,3.686767911920622,12.315975906871921,1.961413624011827,3.1677167995334377,9.81117178628481,2.154583768175347,3.7133709527847096,12.541806374028486
2.31410467945416,4.001215301421595,12.07658770894022,2.333600480981765,1.3920252592558953,12.156469646263835,2.1976721278879245,3.8542689795518137,12.110710370345373
2.4910243058438897,4.344564146576624,11.857700271592021,4.106081940648681,1.1480133034893898,13.444658341558853,2.484406969790937,4.362488225583619,12.070111312093282
2.6852854399072283,4.71943828894228,11.661382062130857,2.1299923320545915,6.691239357100889,11.000926404866064,2.5653825474352185,4.575450845049985,11.684570463222503
2.8983699778305447,5.128588080466002,11.49013321071031,2.384842188960831,9.078047318931148,14.77103296654233,2.883502614305309,5.138936655507255,11.687008574784572
3.1318856166128564,5.574863589100062,11.346961219041928,0.7240080646804161,6.5202329702978705,11.484967256863875,3.0077607015560957,5.434532292241921,11.357839277347738
3.3875614673225156,6.061172312896657,11.235467483547977,0.6997816949273501,3.4116529576618477,7.581476754833467,3.3643267307058378,6.0658043108431166,11.414155107953645
3.6672391141142437,6.590416383093132,11.159944769163781,2.6807300851668785,7.594292671528455,10.955285151408528,3.538309870023127,6.455208521729931,11.156755651100207
3.9728573073487157,7.165402973064849,11.125484926099485,0.330332019774775,7.379200275072495,7.766292764936322,3.9413396539676095,7.167238513933341,11.282750776225807
4.306427985291878,7.788720192590038,11.138094796297835,10.286422042936216,10.214953619689217,10.711965240135392,4.172418848377472,7.661224505921932,11.118721844255342
4.670000729427501,8.462569207142003,11.204816209405843,3.9600553240852987,7.469307238650673,12.142027990533574,4.630639453730248,8.466007127068831,11.336881899896074
5.065612079392419,9.188541834130973,11.333842971237956,1.5941861703993756,8.343656841638392,12.022865990851455,4.926758624664656,9.072933539021045,11.295960380565433
5.495215390919927,9.96733171705799,11.534623512005059,7.476660725022677,13.150981561777996,12.032597476511116,5.449033518746938,9.978777523744775,11.63738476615393
5.960586173439734,10.798366844576334,11.817932087729986,3.8480642737888466,12.434485139015857,13.569686879316393,5.817928936850362,10.700967691719612,11.759408954090564
6.4631972052672415,11.679352419282901,12.19588387476796,6.333794820479562,15.54062644654244,14.848865393945625,6.412127544967732,11.707800170606385,12.265470534587303
7.00405738360384,12.605717003348621,12.68185991035819,6.452843113533996,10.444739522316565,14.462377866800157,6.859842312651391,12.53554962724534,12.601608241463236
7.583508521548264,13.569963003928022,13.29029696622546,5.2983794569314835,15.709409486412538,17.18293248611844,7.530825937270042,13.627449039710525,13.32420639561176
8.20097558956538,14.560936831876667,14.036286199310155,8.066766057380315,9.854670910508922,15.40943896965877,8.059153876746523,14.530000466427959,13.935795941552259
8.854668802037791,15.563056577417852,14.934915116052293,9.275812455330545,15.92298057395089,17.801386936447656,8.805497964548163,15.664566305920888,14.93397492047641
9.541241191322417,16.555567539712566,16.000284070889993,14.745685285795393,16.892840863375053,19.50116900717101,9.407998099398906,16.57826850104636,15.886034057258012
10.255413652158104,17.511938741427354,17.24413742523576,11.35733326882079,14.662033266143212,14.40482351757639,10.217192103525525,17.67399823013626,17.215389997265735
10.989591460137266,18.39956381985001,18.67407896851717,7.668059542076985,20.394870879181525,15.346460178084765,10.873710242666325,18.490376932769166,18.56065694021389
11.733511981472242,19.17997911787378,20.29140054696058,10.671537017288673,18.440798775320108,22.870960266853395,11.71613473610873,19.41686923344015,20.251405354911835
12.473981559226498,19.80984435243242,22.08864921668575,12.209447579223383,19.69545196386865,21.71011465928996,12.386668492443638,19.978187383420742,22.001501621238305
13.194777406914342,20.242922297974296,24.047191025618872,14.14884717711631,20.335005203060682,17.375019415255842,13.209969460308242,20.559763163609382,24.02401608746928
13.876802416399768,20.433213417184483,26.13518261669587,15.515172123237084,17.25753876840345,26.263024286720896,13.830455949938994,20.675452562314995,26.11047331072084
14.498579493962337,20.339223577876822,28.306496418382775,13.03599389505768,18.155766313874025,29.635529251177974,14.558002917732937,20.72301771892128,28.337248374293434
15.037148944577979,19.929064030385657,30.501198832146557,18.84635291129973,19.74064178437478,27.726310611098068,15.042699956805782,20.220357464100395,30.579375196489128
15.46938144824139,19.185741668310573,32.64808056261744,20.501123608673915,18.128728332583812,32.834713094129725,15.581392358960176,19.599122910697726,32.76905515243029
15.773641181201885,18.111688727081983,34.66943218401205,9.858180351963597,15.85888333427267,35.61579539093605,15.836826783777866,18.40413999635871,34.881284958229266
15.93164070043415,16.7314413198188,36.487759278991604,17.675548222477136,17.59004965597529,40.25795394754828,16.097639323295134,17.116693667926057,36.71872527877444
15.930245431967839,15.091534453895388,38.03355107824834,14.371388836046894,16.28822683305468,41.12939019139651,16.048382410498483,15.32531486182986,38.384199760456966
15.76294160475187,13.257182129256861,39.25275284046571,17.222549059457254,12.539925423581579,36.80820866796445,15.975337248257192,13.554282319966829,39.584329075335724
15.4307024851173,11.306054644340009,40.112458107646354,16.827425213419463,13.109797832904981,38.04858455723676,15.59214215441115,11.431872222586547,40.57478679870322
14.942080016857918,9.32021358927241,40.60364814154543,13.127138493701668,7.809344590289544,41.87145586190261,15.18566639102412,9.490930337219341,40.998767370397005
14.312492382611039,7.3777382849244,40.740496436293526,11.285351028469778,9.926416809103483,40.77440278405545,14.499714837634126,7.377185007674553,41.26543012433385
13.562831422255261,5.545593280643529,40.556588203396174,15.160060743016935,7.837379361953052,42.36009461758814,13.819277331411007,5.587430365501055,40.96699897347
12.717631677297637,3.874856265403042,40.09907945461951,10.780865974768304,-0.0031017742275452065,39.72397882433859,12.912438448869098,3.7643731598369867,40.636237956266605
11.803094219193458,2.398741744700547,39.422124948693224,11.441203051958643,4.9833157853780925,40.6376851146526,12.056053912646638,2.3399524062407493,39.80794405221367
10.845238295855568,1.133182088757194,38.580800692324225,9.180091391724847,1.4481875027469329,37.50563740752583,11.033182796072351,0.9511169631803893,39.095011476695575
9.8683808172575,0.07927028850164348,37.62635663060094,13.953127573563565,1.4706808263297175,40.443707027295865,10.10667340186446,-0.03823369707594644,37.96616475376839
8.894048219513362,-0.7732958987725214,36.6031504208685,12.916233939617786,-0.024236243079483244,40.21801804105126,9.06632749555385,-0.9847463223382673,37.07879834939245
7.940335849537327,-1.442546224077391,35.547198641521106,3.736094692071987,3.5530496906845017,33.80343493937047,8.158469774648228,-1.5794204045366114,35.836635075301466
7.021664637196609,-1.9509028319421722,34.48602271694892,12.343856083458228,-5.338663118915351,35.05817536074655,7.174675497135891,-2.1580357049995995,34.922106908098854
6.148848996164274,-2.3224814151936264,33.43936921812549,7.62237595687176,-2.708737595367185,34.007563827531534,6.345798795397992,-2.45026849291466,33.684132994272844
5.3293799128459955,-2.5811209109281763,32.420405859225795,3.6542881804757235,-4.205422844858976,34.61555933447456,5.463161611563834,-2.7627180052032627,32.82312475689647
4.567834941660164,-2.7490931212964593,31.437079949872263,2.0520441562793885,-1.2271579599290308,27.801902000548544,4.745323935294333,-2.8512806089923455,31.646253930814876
3.8663438372996297,-2.8463713262918944,30.493429194335572,3.5530808367174807,-4.070578882260326,29.346132033665636,3.9829675731033785,-2.9922142812686556,30.87062208501145
3.2250581865065744,-2.8903159171967223,29.590727156503526,0.27790503775083764,-4.01105602510839,30.105041165451173,3.3861199795899193,-2.9597477548282316,29.77279539815251
2.6425915164902407,-2.8956450295131186,28.728415259832875,1.2062817296733468,-3.660079755440503,28.63381726931418,2.744977760551899,-3.0031150720068718,29.08675918400874
2.116410997845735,-2.8745824302933833,27.904818537293192,1.5894327845513123,-7.399032345364544,25.51516685281862,2.26445615256087,-2.9101244311223695,28.06613676401389
1.6431725722114798,-2.8371024886458684,27.117667604127472,-4.304402944538671,-1.7847621808051994,23.25870614170131,1.7343876451849296,-2.90795792356209,27.46184677326765
1.2189985019486516,-2.791216970150147,26.36446024988615,-2.44886568982288,-2.343527334773129,28.11851356764506,1.357317602668061,-2.7950130154764956,26.50914596012778
0.8397006887865935,-2.7432682652666056,25.64269795585823,-2.7084285669310493,-1.9502430161716546,22.622614184517143,0.9226105527801128,-2.7813053656463778,25.975550776792872
0.5009554137401983,-2.6982082105498484,24.950029622851144,2.0450479092389076,-3.7606785572650985,27.944221526057646,0.6325110335198986,-2.6738189892931468,25.08041564185723
0.19843608212001587,-2.6598516151930114,24.284329606125365,0.904815988184013,-0.8821869088273622,19.409790871455698,0.2755779241998689,-2.6694427883564558,24.607308477346887
-0.07208936677691406,-2.631100011299166,23.643731476066886,-2.401927285421368,-2.275784641794265,28.57512754525645,0.05529157366303503,-2.5823851897595356,23.76090838660377
-0.3146901366653271,-2.6141350160442642,23.0266336539013,-0.07098972231636602,-2.4415103600515105,21.599323386536522,-0.24112112213062503,-2.599417544330179,23.34025553599845
-0.5332277411595175,-2.610582857087584,22.431688608125615,1.588834888673139,-7.3557524161128125,23.429352632307555,-0.40777326987700435,-2.5410988433749293,22.535944537818256
-0.7313298026133862,-2.6216526862045506,21.857783740786314,-0.8390794140718593,-5.185974674796034,18.2370782123568,-0.6594409423584514,-2.5861398775001083,22.161961878157516
-0.9123783609558492,-2.6482517183951733,21.30401938917442,-1.4361415258193118,-9.62604828778123,19.637003358983346,-0.7868782624971757,-2.560973661064877,21.395135080934676
-1.0795092555963115,-2.6910802658233064,20.76968739512568,-3.7189296692618354,-5.9618135717159815,19.553934900215445,-1.007652331768387,-2.6375264393044078,21.06393421300897
-1.235619755415554,-2.7507095636155108,20.25425230912149,1.782904793671407,0.041967323739787954,19.00453564274566,-1.108307106384057,-2.647945508906513,20.33166931682525
-1.38338214372257,-2.8276450124891985,19.757336364914853,-0.8150993848158842,-3.4639214800298044,17.114785119048214,-1.3100939845048178,-2.7580548539347207,20.04086184085695
-1.5252614181187656,-2.922377150527131,19.278708765998577,2.3306031942405037,-0.35143345425425254,16.976029675901792,-1.3945091566990824,-2.805791480677327,19.341603098544226
-1.6635356447798013,-3.0354223443252417,18.818279473219768,1.8949947062921042,-3.0795013098973296,18.798549060670315,-1.5874856902665526,-2.951139018177133,19.09001352572652
-1.8003178196416971,-3.1673548728025978,18.376097499488438,2.80024973229394,-2.076116884092179,19.98759097913853,-1.664584758779258,-3.0380527257779795,18.4233872908858
-1.937578342489545,-3.3188317702322205,17.95235364723715,-2.1490041979258647,-2.25916844316858,17.383399550618915,-1.8575273006054536,-3.2206680091474253,18.210914769454313
-2.077167410638603,-3.4906114981605856,17.547387626164806,1.8314952422705288,-3.2102636222557424,17.287319808615845,-1.9349585872206359,-3.349259260089683,17.57769492812087
-2.220836792580066,-3.6835672253036917,17.16169953318459,-4.195827606793625,-6.56659163612998,16.586936529037715,-2.1356090451012975,-3.5719638921296495,17.40532399521239
-2.370260553457552,-3.8986952047220873,16.7959657418059,-4.55040308754677,-4.327563122753386,13.765027960092532,-2.220104455646817,-3.7456685043923112,16.807544983017134
-2.5270543773100536,-4.137118441652003,16.451059318095794,1.534419969278701,-2.9459630997479596,18.557902245139132,-2.43552705734396,-4.012329654269131,16.677499315596055
-2.692793168353309,-4.400085535245778,16.12807514137729,2.1585273417092603,-2.406409222336758,14.622589371126914,-2.5332394091199886,-4.235648604406779,16.118716251760475
-2.8690266167964924,-4.688964244201862,15.828359947018159,3.980428626853953,-4.376656652961835,14.843498634317788,-2.7701398180232943,-4.5512798069941525,16.03475647194322
-3.0572923843911326,-5.005228960348549,15.553547511653266,-4.373930185762023,-3.6751399931167645,11.136461650237166,-2.8869356518246496,-4.829759864581559,15.520461146877674
-3.259126500708775,-5.350440866278847,15.305599150049575,-8.067513355244799,-5.407879262652342,14.925255762276286,-3.1519217940000415,-5.200467196061845,15.488337150886213
-3.4760704618551674,-5.726219094917475,15.086849564001554,-2.5654663985854596,-5.394422355353388,15.928200623678935,-3.2936100628469367,-5.540505391031744,15.026546528994665
-3.7096743872274693,-6.134200695332622,14.900057845703172,-3.3946209038763273,-4.90056214441557,14.796821126625662,-3.593372768904811,-5.973231390290476,15.05461921762758
-3.9614954152280157,-6.575986641209117,14.748463049398579,-4.723697406688599,-10.093298474489302,13.626890220850381,-3.76584450257271,-6.381625521970052,14.656652268957323
-4.2330903045286,-7.053070507996719,14.635843151929192,-4.89835114225657,-7.806633363049752,16.710380327718514,-4.107225890634741,-6.883586312116574,14.756690492715755
-4.526000954512884,-7.566745821378457,14.56657535753538,-4.202014909110181,-7.501621509835164,16.076396463523974,-4.316465437640907,-7.3666896766681145,14.43812858018098
-4.841731271852765,-8.117987500512552,14.545694483876474,-0.31425367391606773,-5.650379392212967,14.227711098082535,-4.706363088527203,-7.944328710740797,14.626250390617084
-5.181713501570971,-8.707302382708049,14.578944503495917,-4.468764836878838,-8.19960740898374,11.702359605574966,-4.958266854339757,-8.506588620672346,14.408016911438636
-5.547261833081722,-9.334543678468444,14.672816115659028,-8.746104540900339,-7.890583331350201,14.1520684697357,-5.403291444982607,-9.163786099497031,14.705655222867446
-5.939510823663868,-9.998684602935489,14.834560413032861,-5.351126003733477,-9.831527942441646,17.515929956373178,-5.703194968405731,-9.805363309605855,14.615019734627568
-6.359336016102222,-10.697547697930828,15.07216526233676,-5.490250327338898,-10.865996646308334,15.353573241373171,-6.208959537928301,-10.540565682554465,15.04961287988257
-6.807254157941415,-11.42748895098932,15.394277019036858,-7.479914632571989,-15.084838248728726,15.965564572257476,-6.560732347139816,-11.253686539146248,15.120678112335193
-7.283300790929532,-12.183040303313431,15.810045910236028,-8.177997444827733,-13.16161640263525,14.516902324764875,-7.130611569136016,-12.05562188907957,15.725468650672752
-7.7868838505754665,-12.956521166747235,16.328869410010785,-13.613859324486215,-12.441706303355256,14.504994712676725,-7.535147143291336,-12.819410466991028,15.9982921933889
-8.316613521890146,-13.73763976854665,16.960005190187868,-8.079398301846014,-12.012388208695537,20.402810520066666,-8.168331033478212,-13.661281931069343,16.810139740327333
-8.870111192513216,-14.513118914322504,17.71202531136434,-9.05284380490605,-11.027189549158336,15.16690913621111,-8.621276294201765,-14.435261665407088,17.32709304467366
-9.44380417261953,-15.266397936327108,18.5920884136436,-6.866486768152895,-15.66546063174396,17.232715189508895,-9.310013256146078,-15.268024874216058,18.38066496448927
-10.032718069817829,-15.97748193571276,19.60501951200227,-6.214903756359515,-16.995306042460534,16.90360522359232,-9.798727774401105,-15.985577161593799,19.178161222977256
-10.630285264505725,-16.62302800265197,20.75221048424552,-13.807314154770697,-18.24723126950078,17.93123670947881,-10.524908893765405,-16.73242286206192,20.494665707676372
-11.228195394967695,-17.176770715944127,22.030390609847792,-14.562600971130372,-21.110733820988102,20.44233671750166,-11.025036854485288,-17.297477939748767,21.58865061798554
-11.816321127661324,-17.610388251077875,23.430365498366854,-11.683603470201271,-15.944473832669294,22.887256075587842,-11.75683767150169,-17.853973002676433,23.15835848087657
-12.382758028244508,-17.894886530245778,24.935880138846098,-12.959292352120649,-17.879244897568856,25.289385354593687,-12.229607341043321,-18.14665989508377,24.524163670456975
-12.914018613200206,-18.00252326702568,26.522817126849176,-12.566989593167332,-19.66051303650721,26.997116488201797,-12.919787994913387,-18.39303675138059,26.285641173804922
-13.395414787236517,-17.909202420095856,28.158976930878826,-13.111257929275592,-17.87734698516917,32.186476191807145,-13.312088831205585,-18.290852998839465,27.838057200973115
-13.811647324677839,-17.59714851693387,29.80468092494541,-15.689210833383065,-23.200847413901737,27.31981078865323,-13.900390936627145,-18.121560008172533,29.66358059214585
-14.14759480779151,-17.05754042260632,31.41436867364079,-14.947308575597873,-23.452966077260744,32.366066636285076,-14.150152230128494,-17.537861596268545,31.250030026010933
-14.389259317577052,-16.292681698222687,32.939219014483974,-17.1336425344607,-17.157565646779993,32.83413945415395,-14.572033849341924,-16.904718062083294,32.9523589928851
-14.524787779002983,-15.317254201720758,34.33062311343384,-11.326317821130859,-13.99132712602997,37.719045683139285,-14.620234640666117,-15.833454346922633,34.37431559434642
-14.545455267749082,-14.158279719761651,35.544119012634006,-15.748200632326554,-17.71501784469696,36.86814079027292,-14.821767372312252,-14.78358802277696,35.74601603870156
-14.446480289076039,-12.853609807954875,36.543225973718776,-14.758208705986029,-12.37513262690116,35.376558147713645,-14.628815102853086,-13.324709660490763,36.812081413935566
-14.227550371476134,-11.44904290009046,37.302559372037024,-12.182021876269447,-15.057874826654466,37.27724631200667,-14.58316075589546,-12.005521121946199,37.68884894255366
-13.892971582634342,-9.994456881538582,37.80970132929111,-11.900471589118915,-7.031482152671714,42.755061173399035,-14.143014563684206,-10.346607482668968,38.278303849441535
-13.451411881884516,-8.539556097843628,38.06553618559669,-13.62225094820911,-5.995353194590443,39.051130039395964,-13.860621296727983,-8.964123489715456,38.5938886615308
-12.915272532219758,-7.1298965693109295,38.083068620453396,-17.116528991988613,-9.437730263658814,39.42792581740303,-13.205011180560804,-7.320211484889898,38.69364503287124
-12.299778167513574,-5.803755122830575,37.88503310897682,-15.410899712384245,-3.5389644931452344,39.829020698377356,-12.73155491590001,-6.070298207555296,38.49256457563457
-11.621911339408367,-4.590187328190575,37.50079412893246,-9.470151118562168,-2.6436628325053295,32.954028311470665,-11.92146095374906,-4.615558147660212,38.18551690881978
-10.899325334618448,-3.508352280954028,36.96308682607948,-12.899740776126873,-2.66306222600328,35.25530721917723,-11.324412169539862,-3.627931976849415,37.588955711721724
-10.149351917732988,-2.567948550172398,36.30506890266305,-8.443406398570916,-6.82635804130887,34.163226859136486,-10.43331844372406,-2.456652742647784,37.006742903433114
-9.388186776102335,-1.7704573029476227,35.55799492760596,-8.605689594707087,0.21506886907820477,35.95413773551541,-9.784208757681398,-1.777754805633166,36.15863333918736
-8.630295515062755,-1.1108395942065186,34.74964405252776,-10.328104764581585,-0.25264301765102515,40.117500759225614,-8.8812947333396,-0.9057427703607788,35.43155732580766
-7.888046420113142,-0.5793670485562178,33.90347942306978,-7.899516144826431,-3.6063880028664603,32.30757854089956,-8.241378725386097,-0.5160529492657909,34.45616847665812
-7.17154871058648,-0.16334493244304926,33.038417421338345,-5.6468519137512185,2.378368001712346,35.88814321075914,-7.3806329111769395,0.09305446538828711,33.68351791799335
-6.48865863438874,0.15141969789449672,32.169039996207125,-4.456143543166554,1.442154344238383,28.26245527523113,-6.793643518534264,0.24847531242911808,32.66744650379866
-5.845109506852119,0.3794684572486696,31.306082107013214,-8.27181098979286,2.306298049089002,38.23678551412638,-6.010201951086341,0.653363125515731,31.910846550662463
-5.244723091692525,0.534862691374888,30.457051840879647,-3.076605019716638,0.5253019586515139,30.106010844631463,-5.501578536976471,0.6386729510339405,30.904366791869506
-4.689665591587421,0.6306394165091543,29.62687753877248,-9.846426620364774,-1.8320746205796374,30.881365534044832,-4.8133101395416125,0.8991364519969056,30.19479701346051
-4.180719395132243,0.6784989060009348,28.81851325599582,-4.75153119304319,-0.8986943658764288,32.95530471416929,-4.3932718656645,0.7722219087895762,29.221783484079957
-3.7175497866983487,0.6886673787483902,28.033464987047722,-4.495747404845827,-0.48318869588779745,29.07950216956406,-3.804839141034035,0.9385031542404588,28.570429800808178
-3.2989529867204115,0.6698833065508687,27.272223087403727,-4.3486767898097085,-0.8646132510108957,24.874444599187147,-3.47278782361896,0.7448245277264864,27.638923402819476
-2.9230776719372846,0.6294647674212752,26.53460145490092,-4.92965465756061,3.939858752142114,28.809756741267172,-2.9801102487135056,0.8544902065826385,27.046411757655463
-2.587616449456373,0.5734250416202712,25.819992710369103,-7.082687881390772,-4.066946703947769,24.408044927945564,-2.728804356433924,0.6265420496252332,26.15647440109317
-2.2899667718506627,0.5066126078082821,25.127552595223197,0.7888417799269853,2.6404999726917238,30.672757964813943,-2.3228557759326756,0.7053260684662718,25.618938769074877
-2.0273627257141307,0.43285912047055813,24.45632769820573,0.35433527133977494,2.709083155356307,23.106184567036575,-2.1416961976893067,0.46459645588919374,24.767413166427335
-1.796980261627364,0.3551246881619621,23.805339714070197,-2.3105758476249223,-4.722770682394169,24.41796088836188,-1.8113022901469684,0.5287341766049377,24.27980831901586
-1.5960189908384252,0.2756339795282259,23.173637636438343,-3.7480698588759855,-4.198267877750092,22.879896673592047,-1.6886225262170058,0.28832247830789975,23.462759277428322
-1.4217638409765987,0.195999636080207,22.560327189603356,-2.3930336485724357,2.27010254564311,23.72881931487438,-1.4223104386788057,0.34707388687920376,23.020354014426086
-1.2716297821174984,0.11733145998010079,21.964584760529405,0.27740061627519963,0.9384346060590472,21.42055287032485,-1.3468136264270216,0.11411599398163423,22.234102386989125
-1.143192607811786,0.04033113095329432,21.38566128360862,4.2033913832900875,3.5092149854352375,13.541975024590508,-1.1339102453598089,0.17193815151980646,21.832969611715136
-1.0342084535842673,-0.034627002842358055,20.822880028087265,-2.3975967632338815,-0.46384341971060333,19.53745796283709,-1.095466132750561,-0.050450706273221214,21.07439914937098
-0.9426244042195262,-0.1074280625356646,20.275631047556903,-2.261190301886585,1.304980147757171,20.241135656440786,-0.9266604657061286,0.00777221252057088,20.71144090091453
-0.8665822100286388,-0.17816047962216883,19.743364144037773,-5.037914195404768,2.92577300866007,19.419964345845436,-0.91666362650731,-0.2035214493810212,19.977990209706714
-0.8044168185719472,-0.24707023319322274,19.225581532474745,-3.0849860286489337,0.12459138697685357,25.61811600642173,-0.7842173387333368,-0.14549161904142763,19.650796097597617
-0.754651141437957,-0.3145241860010045,18.721830918121228,-2.0189491385250924,3.5399962062562134,17.344200036101014,-0.7956679624628072,-0.34676235074402617,18.94035008312531
-0.7159882199728629,-0.380981287684026,18.23169937555812,-2.599500525929345,0.007191556120847653,16.03517457496878,-0.6934140116246029,-0.29063115667336875,18.647030706943518
-0.6873017304192508,-0.44697051089113293,17.754808206254058,2.131181921427859,-1.2415303399915518,15.245847349331907,-0.7208394507546568,-0.4839052202723201,17.957806713463583
-0.6676255768939733,-0.5130744994662002,17.290808820824537,-3.989690683841952,-0.6221902838184157,16.608573641932768,-0.6440676926563856,-0.4319784345715081,17.696856680845595
-0.6561431580155225,-0.5799180269868822,16.8393796184042,1.2890380274680844,-4.648903724863449,18.194849801492477,-0.6833659528187,-0.6198488146980131,17.027318661110986
-0.652176757178832,-0.6481604821164073,16.40022380064786,4.733260536595491,-2.8171972016977067,16.61078015062785,-0.6286615402630901,-0.5747416020662134,16.79752233030784
-0.6551773946063625,-0.7184917101807066,15.973068048590509,-1.085681649017153,-1.400302074397588,13.65425157786346,-0.6769193276727539,-0.7601645700905594,16.146328976757808
-0.6647153884670587,-0.7916306455106389,15.557661997627477,1.2274854443898762,-0.6143018997438773,20.228937222261287,-0.6419951674163933,-0.7246672383259485,15.946705930493765
-0.6804717997230872,-0.8683262648833845,15.153778462955968,2.812851787042281,-1.4207039914084358,17.625464033401304,-0.6973124633527469,-0.9108868207815071,15.312689404088415
-0.7022308782758653,-0.9493604780965069,14.761214390952464,3.960867535215618,-4.732228130214807,17.561439304694964,-0.6808597908396413,-0.8879392569649172,15.14247297774345
-0.7298735839817589,-1.0355526470393126,14.379792538813978,1.2406040704234227,-3.617583873837259,16.230699557613754,-0.7421988152266925,-1.078499397643967,14.524643988923236
-0.7633722229611892,-1.1277654896099292,14.009363914225212,0.4003432615160172,-0.7507525323923487,13.580522575427038,-0.7437685433524943,-1.071240454850768,14.383287828509236
-0.8027862153223021,-1.2269121796229407,13.649811038534617,-3.532940699780226,-2.2106630298141896,15.648462461246151,-0.810835864377661,-1.2700575795645501,13.780865381013456
-0.8482589931592439,-1.333964498627301,13.301052131234608,2.15504229372506,-5.835330244320573,15.365504808705722,-0.8307562550394132,-1.2819271126749188,13.668076629306253
-0.9000160158454419,-1.4499619303568747,12.963046351173762,0.9339479761142363,-4.5862229200862465,13.51246638822656,-0.9039213284149874,-1.4934056744704465,13.080544607557753
-0.9583638817524976,-1.5760216131781153,12.6358002719218,-1.2485967529831468,0.39736730547722443,13.256267125202355,-0.9432534412133239,-1.528285514395112,12.996346691447513
-1.023690510219213,-1.7133490798266424,12.319375816334217,-5.373950696382957,-2.776217824666352,9.494577480430303,-1.023503859366095,-1.7574660020742219,12.423544084088205
-1.0964663635604783,-1.8632497158707153,12.013899930073476,0.5280561066774199,1.9084217087897244,11.39407719054192,-1.0840340916053472,-1.819851976847123,12.368377073710322
-1.1772466748216708,-2.027140856953858,11.719576337216177,-2.901009145431968,-3.3180820330357355,16.403418821989714,-1.1729663618822437,-2.07258486961323,11.810634188686466
-1.266674641447774,-2.2065644173027397,11.436699794751512,-0.12815899610602788,-0.5476193190417071,11.688439035352811,-1.2572343540655788,-2.1677849647894796,11.785506749563636
-1.365485536472117,-2.403199894428142,11.165673348361072,-2.926723166028424,-2.478119109893898,11.401147366456515,-1.3570783241240316,-2.450924989933327,11.24384690960845
-1.474511675379655,-2.618877522087221,10.907029190767728,-0.18863850859339037,-4.163386163770725,10.348957945131625,-1.4684378000464444,-2.5852784372212487,11.250561681151957
-1.5946881561889121,-2.8555912381903696,10.661453837085007,-1.6079145930528538,-6.721385916459801,12.706682699802592,-1.5821121781567482,-2.906890399240931,10.726997413578605
-1.7270592596659162,-3.1155109867731103,10.429818459017678,-6.824181334444413,-3.5976712101647093,15.562625267612319,-1.7248211548650114,-3.087997639601879,10.768482032646324
-1.8727853522850753,-3.4009936707151245,10.213215359907208,-2.561354425392836,-4.484451362447207,9.93294664917163,-1.8560161104926216,-3.457556156144219,10.266447536547771
-2.0331500719014914,-3.7145917981232883,10.013001721311237,-1.7834266127538505,-3.5890395568800657,8.43971978303437,-2.035350358484427,-3.694497676863576,10.347237177739109
-2.209567489079947,-4.059058499236361,9.830851900705687,-2.7963262303620953,0.8359463622185386,6.554101676241373,-2.1886297826501493,-4.12304476012173,9.872215390946764
-2.4035888179504474,-4.4373471061565475,9.668819694176346,-2.9971886073414193,-5.964463069588927,7.696363387887533,-2.4110079817525722,-4.426543002758668,9.999149581923959
-2.6169080896056114,-4.852602852759422,9.529412072995703,0.4799793500245322,-5.157485001106588,10.427964586754076,-2.59191683204355,-4.926733179418099,9.559571716122507
-2.8513659863122425,-5.30814342928804,9.415675919607624,-2.9587872604991374,-4.663293433314875,10.08480416692632,-2.8650151857408632,-5.309167920109939,9.742786134871782
-3.1089507514314407,-5.807424073682433,9.331299166553613,-2.3169366826979907,-5.600878097639937,9.403718235163097,-3.0801634851344555,-5.895069990266468,9.351299879378526
-3.3917947205449908,-6.353981557325173,9.280727391206385,-3.424974803115916,-6.3460600863254015,6.696656418200609,-3.4129777956152614,-6.370180854110577,9.605605283232544
-3.7021645443723408,-6.951349791289315,9.269296208582002,-3.295259986309406,-4.608248849943408,8.960613077362433,-3.670047541023799,-7.056602666310841,9.280812439453786
-4.042442573504486,-7.602937826164641,9.303378547787192,-5.022675297145509,-7.295351679567517,9.463045881028629,-4.07282592217529,-7.638584438842603,9.627538017472435
-4.415096131171251,-8.311858775439898,9.390543838597582,-4.636245288038192,-8.166945093630064,9.270694189405647,-4.380403250983129,-8.439522210076824,9.396262517012584
-4.822630503983586,-9.080695775946124,9.539722933641771,-1.5486136936489006,-8.009941448278335,9.328993965712657,-4.86431433300927,-9.14101952797746,9.865554774292608
-5.267520441147385,-9.911188772900669,9.76136782070663,-3.1452506262584152,-6.720237953747741,8.897081050651929,-5.231377544607116,-10.066591437340536,9.765551735983681
-5.752113814201086,-10.80382418314468,10.06758833852513,-3.023561735039571,-14.463239175103336,10.144137804844426,-5.80768785189719,-10.894825777321216,10.398870945919354
-6.278499955934101,-11.757309210755954,10.47223868477012,-5.898631636274371,-13.758237551789623,14.886194999726083,-6.242474600395991,-11.945753757223072,10.481499909171411
-6.848334268550999,-12.767915139565607,10.990914108058083,-7.568294066510079,-8.90970303339543,13.304284017758075,-6.9208818654542075,-12.895733697970659,11.333482178502745
-7.462610310140677,-13.828681349714076,11.640802808279783,-6.658708317305552,-12.29416629123516,13.197252849062103,-7.428722865973428,-14.054233909347364,11.66503924008428
-8.121371276117161,-14.928486901115118,12.440320579165661,-4.888406707765171,-14.30038393201564,17.999146215108702,-8.214354707336295,-15.097971268328717,12.802770373362135
-8.823355378215817,-16.051022746749304,13.408438503590943,-10.445769251995353,-14.66552771098585,18.82872878572364,-8.793951574763993,-16.314249297001712,13.461685461817968
-9.565575142902654,-17.173738543133958,14.563601916314813,-14.008656911594532,-19.85485809307844,21.328046627361996,-9.682494280057067,-17.38580793242743,14.957640676104367
-10.342840353284966,-18.266895968793996,15.922140202864545,-9.752581162662501,-15.611538927584107,14.31221173088752,-10.320205153305112,-18.561218250176555,16.022688567859795
-11.147249446047999,-19.292934133113363,17.496094158569697,-8.317771630849409,-21.38461366156921,17.129127819429407,-11.290937485248566,-19.540536862985203,17.935678554237665
-11.967695285371132,-20.20643330676718,19.29045613856034,-13.781704838904705,-21.101232228854112,21.4299646719593,-11.953281292377278,-20.51334771754723,19.459019883641336
-12.78945756921299,-20.955030094705176,21.29994310831622,-10.539738631486578,-21.80516838415748,18.84945176134898,-12.960924130988278,-21.21844063509209,21.797880105622777
-13.593982255335924,-21.481654273025754,23.505610213440193,-11.451245451099519,-20.018895338144205,20.746532244881525,-13.587238537117253,-21.766576032553345,23.760020349885433
-14.35897110481039,-21.728375532450574,25.871846995142977,-13.973961572638915,-20.156191708189137,23.671368130632583,-14.555933966138316,-21.9725219916679,26.43279771078377
-15.058910335286177,-21.641917831542795,28.344527556900633,-17.40209389018105,-18.203540905421825,29.262101692297797,-15.056036091778196,-21.854746524053393,28.69052454194751
-15.666142506891953,-21.180498445021005,30.85121365687359,-14.989012679477334,-22.0002801536682,31.21538635789993,-15.881868976418385,-21.359103003269936,31.46235141470048
-16.152518385929206,-20.321123557123016,33.30421128190102,-16.18840611148338,-18.465322818090495,32.5658667324266,-16.145987104730562,-20.4066370144233,33.725599480881556
-16.491553921408276,-19.06596502051402,35.60685451140358,-16.025170737253898,-19.071654932275788,32.011747126837356,-16.7151230463742,-19.136197314801564,36.231965016979274
-16.660878091892243,-17.446180927234717,37.66263529085377,-16.128540895334687,-13.205063546350244,44.02154612024354,-16.64080939536237,-17.364831576989957,38.11876107298942
-16.644627778753765,-15.52175459155191,39.38588466647122,-17.904681073916386,-16.911496658854865,41.406128281671776,-16.863504062035222,-15.465346091331899,39.97124484158379
-16.435376219393532,-13.376702873406577,40.71197291040256,-16.5445396424602,-15.340446572288288,43.95826125073017,-16.39299964081848,-13.125671168803128,41.14955252368241
-16.03521421359037,-11.110179743956717,41.60479933360115,-14.98722329057436,-12.700380297458224,43.38875257153823,-16.239520994720987,-10.946887377558085,42.09863139870181
-15.45574784889658,-8.825163011865092,42.05988015195366,-13.357251999437802,-10.853718199245751,43.06106681563958,-15.387366427860323,-8.443216914976142,42.434975368050665
-14.71699761378118,-6.61708479509732,42.10247918296108,-11.539482188802895,-9.139247820022684,40.283055438143805,-14.903066575575906,-6.397895520345799,42.47632081494861
-13.845411475149158,-4.564668586838001,41.78152936681546,-13.945039801531744,-5.483105968819519,42.2575472012233,-13.754248307439061,-4.115072323544919,42.076073388874974
-12.87136555623652,-2.724442413016416,41.16105742387841,-13.883309553195582,4.554512589496442,35.00205225620106,-13.042238706363317,-2.5087571525110466,41.417354310182844
-11.826577079984107,-1.1292825203676047,40.3111370691286,-10.396139618141287,-2.95136123988401,41.279106523353654,-11.721314384643758,-0.6738560440585918,40.532868845275075
-10.74179722068363,0.20964648784659792,39.300069060348704,-8.566217194242785,-2.3364051285284866,37.34909703882379,-10.904710138603697,0.37558857516001687,39.46309433100301
-9.64502490252026,1.298754877079248,38.18878241863992,-8.571319679672659,-3.1896500424165204,42.02969196811201,-9.536365770727915,1.7169605042801799,38.35895804738611
-8.5603376887402,2.1569841934569403,37.027701458041356,-10.311963955852075,8.15226238095755,42.680061561933876,-8.723250421987991,2.2487412636646558,37.12830739611635
-7.507314265666778,2.810894937705571,35.855765228872244,-12.180222812881242,1.0418434246899462,40.30466291219694,-7.404820043069641,3.1708064647259278,35.99629275327771
-6.500945394532614,3.290528305679136,34.70100396804837,-5.995880122527213,1.3974041018722976,35.333822325072056,-6.6700592445196385,3.302580154471023,34.765634181164344
-5.551897673252569,3.6263080607532565,33.58203389185154,-5.681465921805015,1.9283948890547666,31.5890256569848,-5.462344310276728,3.9233601820366735,33.70865526915898
-4.666996218945639,3.8469755191605133,32.5099354763302,-6.158839261719879,3.4796019515185734,35.40634908145066,-4.84583486893278,3.7854879533786607,32.55663611382807
-3.8498140813802157,3.9783977969046957,31.490141088537904,-8.79986833623882,3.525013992150792,31.01026160572078,-3.7769942957126093,4.217293374247873,31.611327054799396
-3.10128540722217,4.0430338792621345,30.52411394859137,0.047137769944599395,3.3885860081807255,23.968353278289936,-3.2909140875154814,3.9193944592530374,30.563167091040317
-2.420287826161444,4.05984924276793,29.610722178838422,-1.7283781078938967,4.793057381477771,25.726817101607107,-2.3656126568379685,4.249052552838923,29.729358776201348
-1.804163015030031,4.044506055523722,28.747292471362023,-5.787640866772334,6.234645497080454,33.865816701330075,-2.0038990386706907,3.8712244218929635,28.783493173328107
-1.2491616543113544,4.009700701864013,27.9303733452179,-0.4782289756042808,3.3876116766818565,24.47262710344723,-1.2124806345375327,4.158231177599606,28.04596026753865
-0.7508104604778633,3.9655615631248273,27.156257948564228,0.6509237902672759,9.355471643887421,26.487198319272622,-0.9589768982106931,3.7542072957070163,27.191119365984655
-0.30420582491198067,3.920052751021552,26.421320414333376,2.484719701333561,3.6169088891279815,26.203714565621762,-0.28452961230841883,4.035979839455389,26.531685511569673
0.09575788553499386,3.879353121901583,25.722215245421047,1.3284957955695118,5.887639103628739,23.950203084733573,-0.11876403817001754,3.6397626773334655,25.755535503993148
0.45421597667222324,3.8481956628258387,25.055980996419162,-3.4823607068400126,1.1190214091847994,24.11363435982948,0.45819476532750925,3.9381289682732574,25.15833273153039
0.7762076216819704,3.8301621169709894,24.42008054164146,-0.5256939204179991,2.0880039693834074,22.269398987137087,0.5574069498657458,3.570308197585249,24.4508779149427
1.0665879041177806,3.82793331262512,23.81240197583187,1.0612093049986582,6.041795896497843,21.6863714267772,1.0561701833170591,3.8970176732259603,23.90385974146156
1.3299700386235318,3.8434985327280313,23.23123730585559,4.519881059960886,2.9935304681185353,23.632469642413103,1.1087461180621834,3.5696633034733107,23.258233005766993
1.5706912145982703,3.878328468158163,22.67525068310419,1.4382363126659965,2.1993656415853624,19.823219894950814,1.5469997845397951,3.9304657931692977,22.753045118787295
1.792796581814466,3.9335165506345007,22.143443874372856,1.1809472899115785,4.629915696952109,22.18638159185272,1.5706888103141086,3.6505863436067267,22.1652693194245
2.000036865583254,4.009893211171042,21.635123751868345,0.6265093976862202,2.1584797068578814,22.520649239473908,1.9639513229716317,4.048050378994878,21.69661839597908
2.195875938787089,4.108117125960048,21.14987456059308,-0.7066358104661674,4.587284833978459,18.571657802448833,1.9741000789274092,3.8199155130716593,21.165129609682104
2.383505386913253,4.228746942727477,20.687536373559762,0.49202338967336723,3.5068280481638365,21.337884210661723,2.335666985093186,4.255285520024314,20.73016816474626
2.565863688628757,4.372296403003621,20.248190286991527,4.622186397679025,5.727085662797414,22.913623848013696,2.34536147266056,4.081923201871121,20.255430938527464
2.745658111112991,4.539275222731764,19.832150390989952,7.8162189364102606,6.016148084103023,22.56447002086076,2.686519854911004,4.55627901859863,19.853345743904633
2.9253877997084707,4.730217575309235,19.439962261921902,7.626307675656255,1.4550374468572604,18.008506243215873,2.706914312735176,4.440386704572149,19.437663824552725
3.107366837919451,4.945699536054417,19.072407574616076,5.620919772073687,6.999747338873614,17.444773323038834,3.03727455041008,4.955297051406053,19.069506729783747
3.2937462772405808,5.186346388874279,18.730514360512792,8.864205082142764,-0.5513184491529435,20.251671851575978,3.07798479676126,4.899728430251406,18.717038800037322
3.486534295876776,5.452830257091799,18.41557239295309,6.71685461442849,5.463338992927164,18.926538122851422,3.405832650834976,5.457519841662033,18.38578464422798
3.6876137487205605,5.74585809456493,18.129153124128038,1.993425177171869,8.954894006174055,19.9423174500144,3.475314708207358,5.4654397029600155,18.102743880872342
3.8987564243651454,6.066149656592381,17.873133497407434,5.822668448428892,4.653880127819276,16.691233958920517,3.8079201496523436,6.069139353858945,17.813546383342615
4.121633334050964,6.4144046630226805,17.649722784270402,5.989352722060932,4.411970987667093,21.04840107577243,3.91377916428591,6.143878169088861,17.608554099896438
4.357820327650003,6.79125797493376,17.461491317652985,4.340779604089994,9.596753637198729,15.508700801121691,4.2576151304718275,6.79683005294121,17.369165727577382
4.60879826896938,7.197221246466531,17.311399582781906,4.5441254504072965,10.506102125060462,14.648996664767303,4.406798986096328,6.9414126851062985,17.253718671708082
4.875946914141293,7.632609212464986,17.20282555050698,8.557669390817157,2.9166425755734897,14.717643828423451,4.767626899605754,7.646509002699449,17.07502462638002
5.160531532706723,8.097448575073097,17.139587364612147,4.9815341327424285,10.57311284730935,15.414820003251588,4.9664564345232245,7.862777029163776,17.064005352752627
5.463681205572685,8.591367425541424,17.12595749499356,7.542859268967478,7.968790275595425,17.495332676030007,5.349228604015241,8.621192195679887,16.960578356913945
5.786357648072045,9.113463377151474,17.166663225180837,2.617903096095497,10.64976515154779,19.860638815628757,5.603204710569999,8.908391949592847,17.072671692421952
6.1293133694106725,9.662149221802446,17.266866860547218,6.254367606067172,3.9678133737614543,13.940324157712057,6.011719987324776,9.717667181632626,17.06316525554017
6.493038032797576,10.234976124584053,17.43211736901216,4.420879076562112,8.789444229459436,17.614907214494355,6.325031548055303,10.070355160999847,17.32092311056565
6.877692078327353,10.828436340827993,17.668263412451637,4.725126310096709,14.007289274577516,16.8688876059821,6.761266196680609,10.92168872507608,17.427968591521843
7.283027083351824,11.437750403120555,17.981316108400513,5.515739842404275,9.150440441451456,19.644592980822296,7.135911175602792,11.326857315830628,17.857077225875603
7.708293047253882,12.056647894496608,18.37724873163897,11.716657363811233,14.304119393344305,17.91890136318083,7.598945301783386,12.201573554829386,18.10612959205345
8.152133893169035,12.677156439197493,18.86172045494675,7.699477702417843,9.889955907440093,20.55724636458482,8.033389641707176,12.635105547307036,18.7331928844222
8.612474069392889,13.289420374436585,19.439712868291135,5.739478866273728,7.949744204144916,14.815639606499657,8.517886635278428,13.500610053170409,19.149525204454704
9.086401273862279,13.881578376024692,20.115072318667405,5.95924066832661,12.284000961335215,19.713848986169346,9.005256349800288,13.923646936891101,19.997477727602533
9.570053021560549,14.43973727386243,20.889959081086797,12.88349660851453,14.08535857039164,15.876124497895681,9.499570485310818,14.729846929439889,20.600412543307264
10.058517922753607,14.948085925891535,21.764216887166512,8.075008978707274,13.197523604280477,27.079132228943553,10.025550394043094,15.086493550645507,21.680765043910412
10.545765867097595,15.389196065174323,22.734693800739283,7.838046207513109,20.31116720769186,26.009765076376812,10.509784868452721,15.764693129030938,22.47459767355676
11.024624317949685,15.744553534434194,23.794567237208295,13.173875762473374,18.17472773174879,24.37322050311201,11.050724303094848,15.983559264261384,23.776541041479742
11.486819861504122,15.99535000420534,24.93274986803074,9.91926791988341,19.37515997405692,24.123412346303596,11.495453739522334,16.45088509072811,24.73896159775464
11.92310405296767,16.123539401750005,26.133474928633046,15.349630035348795,16.99180315679832,25.180709840835664,12.01762438681619,16.453630143421282,26.217388620128958
12.323479394072352,16.11312399526204,27.37617259816473,15.482065920799103,19.115366546872,25.54865455839683,12.384424290351545,16.626067352665416,27.288836154278968
12.677534074176487,15.951584986093248,28.63574582071467,13.821874715819304,20.19615786754889,28.186357508509005,12.845727482682692,16.344987428490505,28.856437558199495
12.974882578379313,15.631318932792741,29.88332695247446,13.379773091659315,15.745283760252812,30.03537151888842,13.090785923032536,16.159493888946166,29.936889186887463
13.205694053908754,15.150896631656037,31.087542313899608,12.484837696706073,13.839163824736938,31.70474507590856,13.44601766338467,15.561844474904856,31.46783832218321
13.361273348396168,14.515940437084597,32.21623338612839,15.208300064032308,14.568736231320727,36.203718108536954,13.527432236421951,15.002014597988833,32.42825434480488
13.434644051868784,13.73943329021426,33.238493330139875,14.100293904415336,14.34556574970771,34.11303030201471,13.737010692988274,14.11192598133318,33.77903810528384
13.4210725680962,12.84133460990773,34.12679619771733,16.545340881711535,17.592815232419174,32.29074445264864,13.624634622378656,13.225045420065289,34.48949751468203
13.31847079122094,11.847479064813319,34.85894741519278,11.30481723147027,9.265118015309003,37.27292549601387,13.66459499118023,12.129588837541606,35.53382738070585
13.127624400953014,10.787854716093735,35.41958689491666,10.922078488843594,11.239683253428048,36.57652727966422,13.349163531258036,11.022385137975277,35.89957624508584
12.85221358747051,9.694468126675012,35.801036578004606,13.59845248468629,14.12671816946801,37.888305296893165,13.218476708817347,9.853340433685368,36.56307801637109
12.498619835258088,8.599076354965074,36.00339119316766,16.867382733540317,6.4096523024655845,39.394451731720025,12.715904071384362,8.663949768710983,36.55109135066684
12.075540824993181,7.531080015866382,36.033878513831006,10.724117740625415,5.3929903267961645,38.51568095996356,12.437536485066563,7.561041983502438,36.82793120060831
11.593459630803467,6.515825815272081,35.90563121775613,9.15123822135547,2.809639574957546,37.619087036573845,11.786037026032458,6.419892587445684,36.46991535797289
11.064029524088255,5.573476682281959,35.636089471521665,10.330006548386553,5.836571576152508,29.338218932152802,11.401040671580489,5.49360352871868,36.41359034417088
10.499439695560442,4.718499285956453,35.24527816059123,10.921504412857333,3.131941037507322,34.24581241400827,10.65226762905285,4.492643611815249,35.785931489558024
9.911820772548205,3.9597197214712634,34.754178079304104,8.869574900991273,10.607823218879759,34.38674947846136,10.209644511759192,3.803643912970852,35.4823216924861
9.312735056945673,3.300828145335726,34.18335164165972,9.12098298465221,-0.011788458111291256,33.31704971474609,9.417756127080306,2.985663299367186,34.67656845368157
8.712778889543944,2.7411799301674398,33.55191114298551,7.805409902122194,0.45423427440313224,33.877234769466014,8.964343025880504,2.5453507465355556,34.21521103278789
8.12130721992749,2.2767413252642,32.87684959998719,7.657523148553939,-2.3618771000174847,32.12144533168929,8.177002982961715,1.9115251370239386,33.31394113535663
7.546276059513276,1.9010516496507663,32.172702552187225,9.428831082898784,0.7358017947560631,34.19630189963239,7.750530268999717,1.6963161036154284,32.769152444998745
6.994188408145585,1.6061097485436469,31.451478291536198,4.3891084962031925,-1.7998346564961023,35.62556548642315,7.003903043031139,1.2222133248281537,31.83403157049999
6.470123652809955,1.3831295818830336,30.722782257233916,2.6595851644664723,-2.162958163635276,35.556882222685886,6.630131816126603,1.191063724859471,31.258256801034282
5.977828693905285,1.2231416680952771,29.99406393612876,-0.46673730092644306,-4.644579252920909,27.98294638906617,5.947765993799868,0.842079075629975,30.328794629252396
5.519850115657062,1.1174405940867735,29.270925801678928,6.886161026838902,2.25661688144846,32.06251371093126,5.640876338320871,0.9503457435558795,29.754403646090697
5.097689487451513,1.0578936209271474,28.557448585854935,5.117795957362204,5.059080418225578,32.34188497236246,5.035187284167742,0.6922627007652711,28.852452023854614
4.71196743042778,1.037132898292426,27.85650193628368,7.866547459639091,1.878012047314457,29.678818239614937,4.799980228447135,0.8998977159971684,28.297035783047672
4.3625857303491635,1.0486559275424614,27.17002220389859,7.916143547399393,-4.965402841197284,27.371397913512986,4.274905856600936,0.7042747920601078,27.432705046168163
4.048880100958098,1.0868576394353846,26.499248888203418,4.058517127509565,0.17698322453449367,25.9864844203898,4.109578698711103,0.9792874479199482,26.90451524809059
3.7697589895387997,1.1470143723188515,25.84491810116453,-0.5572166178907825,-1.9505244418110819,29.33009400087932,3.6633830833608423,0.8251478655112618,26.081194071890152
3.5238260057475377,1.2252362818322677,25.207415700571268,8.096759518183761,5.97531041113395,20.90459182469968,3.5621155560531985,1.1441098970230164,25.583298068503733
3.3094851758422283,1.3184009899407227,24.586895063230028,0.8600274225907993,5.586844332485565,27.136563297119228,3.1897987646106345,1.0175817643625291,24.801103231320088
3.1250293547438996,1.424077966246501,23.983365393737294,2.872000071798849,2.3794945170206088,26.003344409639613,3.144814442807373,1.3646846426060177,24.334062976038627
2.968712862197565,1.5404503798282,23.396756489283277,3.5247911767418003,3.484792957976214,21.13340063198696,2.8399438075913794,1.2577814625733794,23.59189064470733
2.838809839245424,1.6662389808944018,22.82696538615349,2.5374045560397587,1.3589910813564137,23.21995572555388,2.842983155933162,1.6234064876332113,23.15529110712681
2.7336600286535355,1.800630912427518,22.273889570452493,0.9222940861846247,2.4352152023555553,21.48358114598579,2.5989616445196266,1.5326316400350535,22.451899034429903
2.6517037344895513,1.9432151277420042,21.73745062233723,-4.813604372303408,5.867111151006264,24.829990241793915,2.642237360858867,1.9119358187437778,22.0451410349306
2.591507663594824,2.0939252110612663,21.217611386760336,2.937364798103843,3.690692544341518,25.257196463943544,2.4531103921012356,1.8370344518357813,21.37966271684364
2.551783233970495,2.2529897834294266,20.714389080737913,0.3174455038513395,-0.5074563247370141,19.809350080063986,2.5298618138432785,2.228764986078307,21.00235337768102
2.531398780017923,2.420890257002146,20.227866180128117,0.9803261808589545,3.631703792177025,24.70259361984007,2.390783655562816,2.1717373775708455,20.374530298813852
2.5293869115347993,2.598325421976808,19.758200479703532,1.9886287897877368,0.8708783209291675,21.53357838207291,2.495547249772232,2.5773306538144674,20.02669142705916
2.5449481052810383,2.7861821691353503,19.30563537913708,3.097319321440162,-0.05666021364441409,17.69769250285661,2.403016813429664,2.541714854485121,19.436999949854396
2.5774514328789095,2.985511534031124,18.870511199035075,4.273188021551871,5.974106278435421,18.134817281974158,2.5317107361504476,2.9646607958321014,19.119224704320704
2.626433161345862,3.197509170692159,18.45327815813204,3.730653506143034,3.1298901502325025,18.114875737024647,2.483663995806649,2.9550446618738038,18.568997421492085
2.6915938046420544,3.4234993033800625,18.054511528210668,1.6441083482038505,5.586657010232464,23.641107765146764,2.6335603263409797,3.4004656018383463,18.282628736285403
2.772794056332115,3.6649211484696713,17.674929411324154,4.199680140949305,5.8396609156714305,17.69557742433445,2.6293823697047634,3.422169555983544,17.774225425094052
2.8700498935101195,3.9233167316826663,17.315413539772116,3.4779656920567046,6.125070067831446,22.74970903480586,2.7990170748361876,3.8965506539907513,17.521599644795398
2.9835270081781435,4.20031893735576,16.977033469078656,-1.3336866216776309,1.102421745375763,16.09660818036588,2.839514685811566,3.9554152390359447,17.05866109269752
3.1135345911682055,4.497638506065349,16.661074503977016,-2.4941009671540275,6.709352333997856,10.93155705933846,3.028564573587435,4.466417026378015,16.84344752886221
3.260518361709945,4.817048535704108,16.369069652055884,1.951871203328591,5.794319467851837,13.76900965811476,3.115920896486969,4.56862322582168,16.43125674373456
3.4250525986735596,5.160364831089825,16.10283582180898,4.354243826997856,5.627869921355758,14.279876064995658,3.325058504257292,5.124897584405603,16.25891970637767
3.607830782883265,5.52942018219001,15.864514350000446,1.7953079456412075,7.797373804274374,16.317400818211198,3.4627737560468823,5.2767362500543555,15.904891036706028
3.8096542991919096,5.9260303278365996,15.656615730610495,8.04707020364237,5.553221365052491,14.940638588870153,3.6934938374535276,5.887648848355007,15.783297584732901
4.031418468069919,6.351948982243438,15.48206808996668,3.7884135095284917,4.141064917556583,17.462526627471068,3.8862983272967235,6.095133348818844,15.497606910600494
4.274094976078977,6.808808876048841,15.344268466890261,4.4419135317659135,8.297408585328405,16.689959016412164,4.140691264433139,6.7702634051781425,15.437792334790533
4.538709551453949,7.298045315821764,15.24713525963888,1.0905950714974701,4.409998203967916,13.654406225110423,4.3943967280508245,7.038443194365215,15.234140275737378
4.826313487116165,7.820798340553297,15.195159229927429,5.292807511902182,2.036764103968615,16.193728188139897,4.674822443118603,7.786682474910953,15.251211317857571
5.137947356235914,8.377789225727296,15.193449137481888,6.649397340593528,6.772732269589794,11.660799009391507,4.996052453771758,8.1184645833809,15.147660177403726
5.47459501082106,8.9691669734885,15.247766344243491,7.87624705660699,10.795907407460422,13.275108892958798,5.304641326738979,8.94647454551705,15.261742610344873
5.837125730051567,9.594320707950924,15.364540515079266,4.681413208778986,7.689027968215067,11.792294260842937,5.70034986709653,9.340704550170674,15.28146131331756
6.226222238125926,10.251654818911465,15.550855826325781,2.841242872315824,12.587694585683051,15.220364550344604,6.0382250497883385,10.250431445077176,15.51845271325632
6.642292310825351,10.938325603508016,15.814393922278509,6.7953790722343,10.915794106441547,22.551889148659193,6.514876428242354,10.698957794510985,15.690007699227081
7.085361935386898,11.649941471606253,16.163316410135593,7.464008055613168,14.687314569121733,17.824773391641745,6.880961066597955,11.683902175970218,16.081640101651782
7.55494861402235,12.380234003277282,16.606066341184807,5.0099157260109095,5.993727517244906,19.1382834667116,7.4432155692473305,12.167426801925735,16.438151515600712
8.049914577338765,13.12071477642802,17.151065580279077,5.357278153315123,18.64695522601729,14.168276013084416,7.8324785164407675,13.20753104198041,17.0204806224883
8.568301596509023,13.860343291920188,17.806284312731673,8.636251045627924,11.447617107091368,17.599675054742598,8.48123653948567,13.69038940714292,17.59653427206128
9.10715195050873,14.585244527065031,18.578661749614334,5.872636939608503,11.860846544916809,17.524622790164642,8.882285355380835,14.74594743084352,18.405515260183208
9.662324067054374,15.278529959148841,19.473365392311376,13.085324959585773,19.143771345861026,21.08470089906978,9.61204875663297,15.170794853212296,19.230340611222406
10.228316431758715,15.920291487104995,20.492892260447462,14.057344408289163,11.379238920169282,16.704898877405892,10.004176614657164,16.176956125902127,20.292913345041285
10.798119317998214,16.487850111210008,21.6360412241204,9.709227308787602,16.13820494239321,23.52801090852587,10.799982239390259,16.46185588202405,21.378480618446616
11.363120104618014,16.95634521380714,22.8968216957669,10.071537496562495,20.10705133290141,25.081339310398004,11.150210908461993,17.327159596352278,22.69825532198801
11.91309326755791,17.299738926123347,24.263408467546032,14.803206854994801,15.752161270317018,21.66843289836694,11.984959581516508,17.36952034429883,24.02250834977468
12.436308823654548,17.492276104483672,25.717299278849197,11.413955033270595,18.63357662673236,21.814383524126228,12.246320547005306,17.98375200140796,25.561746600279797
12.91979089197509,17.51037877818976,27.232869377753698,11.877750556417753,19.3646122356619,28.068954499575767,13.080097604159498,17.676528194264865,27.051100191345352
13.34974891768203,17.334865397702085,28.777529766328676,15.542343438831253,17.84879580056101,29.259948476349955,13.19312075880542,17.932836753375252,28.715706927437203
13.712186513333977,16.953280556417198,30.312665321958825,15.893172529069986,15.29694873390602,25.86758074416805,13.97663376264279,17.19544858981247,30.23660807857911
13.993667094724941,16.362022929062626,31.795442806730648,14.383647079614917,18.645056555671964,33.64030034060124,13.87602395107351,17.025906206173513,31.876104287363162
14.182184465238116,15.56790052071443,33.18143759512866,8.609330004280286,17.494139946306767,33.124295077945355,14.559275938599066,15.843398681259279,33.24860932652679
14.268056132979082,14.588756381697841,34.4278529746653,14.302995406217331,11.17989540119142,37.15581758182933,14.18424474014545,15.257356972791701,34.68292981331474
14.244735426049623,13.452914820568791,35.496939370027555,15.51944345144176,13.488787563451647,33.47916553821452,14.729501276166781,13.70704787777619,35.72479853482532
14.109433315504916,12.197390476552862,36.359116145819335,12.098177688158975,12.713010168477005,35.55570592447016,14.125660447335301,12.71023804892616,36.786016127750685
13.863457105540922,10.865039791281253,36.99530061303811,14.03048096793408,11.096144746759776,35.478945908790436,15.339362557720728,10.140858290617976,37.17237202659922
13.512210020536752,9.501051707670516,37.39807249073191,18.33374857205505,5.569933640128324,36.7449528487508,18.034976460163456,5.75335995728931,36.38601980285243
13.064846066738156,8.14930601567053,37.57152092104574,13.909004632504963,10.452445203202853,32.16535309561573,13.948311222418255,10.433918517235105,32.210422840473775
