T,N,noise,trial,seed,sigma_y,success,n_wrong,model_error,nterms,nlevidence,rms_data,rms_denoised,runtime_s
10,1000,0.1,15,15,0.001,1,0,0.0042611,7,1520.4898,1.26144,0.095583,2579.21
10,1000,0.1,29,29,0.001,1,0,0.00242004,7,1584.3272,1.28847,0.0941446,2600.04
10,1000,0.1,1,1,0.001,1,0,0.0118515,7,1493.8401,1.25183,0.117987,2654.02
10,1000,0.3,19,19,0.001,1,0,0.023832,7,1556.9544,3.84329,0.322777,2672.85
10,1000,0.1,52,52,0.001,1,0,0.00534226,7,1566.8987,1.28271,0.11394,2690.95
10,1000,0.2,38,38,0.001,1,0,0.0185468,7,1495.5824,2.50747,0.215164,2720.43
10,1000,0.3,47,47,0.001,1,0,0.0200184,7,1551.4615,3.84064,0.366286,2735.64
10,1000,0.2,56,56,0.001,1,0,0.0120655,7,1577.3256,2.57947,0.242756,2808.59
10,1000,0.3,33,33,0.001,1,0,0.0299577,7,1558.3436,3.84919,0.376348,2822.67
10,1000,0.1,43,43,0.001,1,0,0.018534,7,1515.8079,1.26336,0.138065,2834.39
10,1000,0.3,5,5,0.001,1,0,0.0415654,7,1497.7527,3.76905,0.341765,2845.65
10,1000,0.2,10,10,0.001,1,0,0.0141911,7,1501.5858,2.51723,0.263666,2854.52
10,1000,0.2,24,24,0.001,1,0,0.0150452,7,1593.2114,2.59514,0.262466,2884.28
10,1000,0.3,60,60,0.001,1,0,0.016134,7,1507.4078,3.78572,0.382831,2885.91
10,1000,0.2,15,15,0.001,1,0,0.00897391,7,1515.6629,2.52287,0.191061,1890.81
10,1000,0.2,29,29,0.001,1,0,0.00482534,7,1579.4455,2.57694,0.188431,2526.33
10,1000,0.1,61,61,0.001,1,0,0.00566395,7,1624.4881,1.3075,0.120944,2242.28
10,1000,0.1,20,20,0.001,1,0,0.0237031,7,1528.4034,1.2668,0.118219,2480.32
10,1000,0.2,1,1,0.001,1,0,0.0237453,7,1488.9682,2.50365,0.235581,2585.27
10,1000,0.1,48,48,0.001,1,0,0.019801,7,1576.1235,1.28787,0.127433,2506.89
10,1000,0.2,52,52,0.001,1,0,0.0111065,7,1562.0239,2.56543,0.228482,2671.15
10,1000,0.1,34,34,0.001,1,0,0.0103082,7,1546.1452,1.27254,0.0975512,2539.65
10,1000,0.1,6,6,0.001,1,0,0.00775089,7,1592.1533,1.29202,0.098289,2517.10
10,1000,0.3,38,38,0.001,1,0,0.0281687,7,1492.7511,3.76121,0.322509,2662.17
10,1000,0.3,56,56,0.001,1,0,0.0177939,7,1574.4805,3.8692,0.366145,32553.65
10,1000,0.2,43,43,0.001,1,0,0.0376237,7,1510.9223,2.52672,0.277064,32564.89
10,1000,0.3,24,24,0.001,1,0,0.0226237,7,1590.165,3.89271,0.392087,32542.32
10,1000,0.3,10,10,0.001,1,0,0.0206961,7,1498.8912,3.77584,0.393808,32616.96
10,1000,0.2,61,61,0.001,1,0,0.011371,7,1619.626,2.615,0.241654,50138.47
10,1000,0.3,15,15,0.001,1,0,0.0136309,7,1512.8462,3.78431,0.286203,51022.91
10,1000,0.2,48,48,0.001,1,0,0.0388753,7,1571.1517,2.57573,0.255547,50322.75
10,1000,0.2,20,20,0.001,1,0,0.0473876,7,1523.5904,2.5336,0.23587,50424.28
10,1000,0.3,29,29,0.001,1,0,0.00598896,7,1576.5831,3.86542,0.279956,50457.65
10,1000,0.3,1,1,0.001,1,0,0.0353479,7,1486.1026,3.75548,0.353253,50516.56
10,1000,0.2,34,34,0.001,1,0,0.0216985,7,1541.3121,2.54509,0.195545,50397.36
10,1000,0.3,52,52,0.001,1,0,0.0169826,7,1559.1554,3.84814,0.343684,50530.90
10,1000,0.1,39,39,0.001,1,0,0.014195,7,1511.5998,1.25985,0.121138,50512.79
10,1000,0.1,57,57,0.001,1,0,0.00550627,7,1530.048,1.26894,0.133043,20540.37
10,1000,0.2,6,6,0.001,1,0,0.0152384,7,1587.2856,2.58404,0.196847,50556.25
10,1000,0.1,25,25,0.001,1,0,0.0259186,7,1566.9535,1.28431,0.130633,20551.85
10,1000,0.1,11,11,0.001,1,0,0.00404636,7,1544.9711,1.27336,0.113065,20652.04
10,1000,0.3,43,43,0.001,1,0,0.05722,7,1508.0522,3.79009,0.416834,21015.23
10,1000,0.3,61,61,0.001,1,0,0.0171733,7,1616.7777,3.9225,0.362416,1995.91
10,1000,0.1,16,16,0.001,1,0,0.00408831,7,1583.7762,1.28774,0.0872824,2092.37
10,1000,0.1,30,30,0.001,1,0,0.00753743,7,1595.037,1.29564,0.125964,2073.25
10,1000,0.1,2,2,0.001,1,0,0.0107513,7,1560.2391,1.28105,0.126121,1983.36
10,1000,0.1,53,53,0.001,1,0,0.0105662,7,1571.6385,1.28406,0.106586,1879.43
10,1000,0.3,48,48,0.001,1,0,0.0572368,7,1568.1909,3.8636,0.384397,2291.48
10,1000,0.3,20,20,0.001,1,0,0.0708017,7,1520.7891,3.8004,0.352337,2354.39
10,1000,0.3,34,34,0.001,1,0,0.0330119,7,1538.4882,3.81763,0.294367,2191.16
10,1000,0.2,57,57,0.001,1,0,0.0127642,7,1525.1295,2.53787,0.268022,2074.75
10,1000,0.2,25,25,0.001,1,0,0.0511077,7,1562.1351,2.56861,0.261035,2009.49
10,1000,0.2,11,11,0.001,1,0,0.00829526,7,1540.0486,2.54672,0.226398,2301.76
10,1000,0.1,44,44,0.001,1,0,0.00495829,7,1579.3098,1.28855,0.120469,2022.21
10,1000,0.2,39,39,0.001,1,0,0.0278259,7,1506.7797,2.51971,0.241155,2544.22
10,1000,0.3,6,6,0.001,1,0,0.0221827,7,1584.4538,3.87606,0.299016,2567.66
10,1000,0.1,62,62,0.001,1,0,0.0154965,7,1593.2455,1.2933,0.108003,8419.70
10,1000,0.2,16,16,0.001,1,0,0.00823513,7,1578.9592,2.57547,0.175032,8251.45
10,1000,0.2,53,53,0.001,1,0,0.0195344,7,1566.804,2.56813,0.2134,8093.37
10,1000,0.1,35,35,0.001,1,0,0.00310289,7,1658.2494,1.3198,0.102156,7926.25
10,1000,0.2,30,30,0.001,1,0,0.0155871,7,1590.1361,2.59129,0.253085,8247.32
10,1000,0.2,2,2,0.001,1,0,0.0217663,7,1555.4015,2.56209,0.252039,8173.77
10,1000,0.1,21,21,0.001,1,0,0.00781345,7,1585.2105,1.29199,0.130107,8162.69
10,1000,0.1,49,49,0.001,1,0,0.00305497,7,1538.5081,1.2728,0.13549,8252.71
10,1000,0.3,25,25,0.001,1,0,0.0755543,7,1559.329,3.85292,0.391132,8129.31
10,1000,0.3,57,57,0.001,1,0,0.0198028,7,1522.2159,3.80681,0.403507,8289.64
10,1000,0.1,7,7,0.001,1,0,0.00258678,7,1521.3756,1.26377,0.118695,13208.88
10,1000,0.2,44,44,0.001,1,0,0.0105242,7,1574.4071,2.5771,0.241789,13342.19
10,1000,0.3,11,11,0.001,1,0,0.0124303,7,1537.138,3.82008,0.340631,13399.77
10,1000,0.3,39,39,0.001,1,0,0.0413682,7,1503.9584,3.77956,0.359575,13770.54
10,1000,0.2,35,35,0.001,1,0,0.00699916,7,1653.4385,2.63961,0.20453,6751.88
10,1000,0.3,53,53,0.001,1,0,0.0294473,7,1563.9707,3.85219,0.321446,6858.65
10,1000,0.2,62,62,0.001,1,0,0.0308287,7,1588.4658,2.58659,0.215437,7156.03
10,1000,0.3,16,16,0.001,1,0,0.0121721,7,1576.1579,3.86321,0.263155,7023.50
10,1000,0.3,2,2,0.001,1,0,0.0321241,7,1552.5707,3.84314,0.376912,6976.11
10,1000,0.3,30,30,0.001,1,0,0.0244033,7,1587.255,3.88693,0.381282,6987.49
10,1000,0.1,26,26,0.001,1,0,0.00644168,7,1545.094,1.27213,0.0977145,6935.95
10,1000,0.2,49,49,0.001,1,0,0.0058991,7,1533.694,2.54559,0.270458,6993.65
10,1000,0.2,21,21,0.001,1,0,0.0168838,7,1580.3318,2.58399,0.260269,7048.97
10,1000,0.1,58,58,0.001,1,0,0.0144451,7,1619.9721,1.30491,0.113638,6880.49
10,1000,0.2,7,7,0.001,1,0,0.00532522,7,1516.5757,2.52755,0.236963,3291.55
10,1000,0.3,44,44,0.001,1,0,0.0170647,7,1571.5108,3.86564,0.364256,3356.83
10,1000,0.1,12,12,0.001,1,0,0.00630433,7,1554.6208,1.27857,0.124767,3316.16
10,1000,0.1,40,40,0.001,1,0,0.0181276,7,1574.0185,1.28629,0.120557,7440.49
10,1000,0.3,35,35,0.001,1,0,0.0118361,7,1650.6485,3.95941,0.306893,12301.46
10,1000,0.1,54,54,0.001,1,0,0.00661312,7,1597.2333,1.29562,0.115238,12488.50
10,1000,0.1,31,31,0.001,1,0,0.0172669,7,1564.8433,1.28319,0.128046,12376.47
10,1000,0.1,17,17,0.001,1,0,0.00429723,7,1517.2289,1.26109,0.108656,12511.82
10,1000,0.1,3,3,0.001,1,0,0.0121698,7,1553.934,1.27794,0.122112,12545.36
10,1000,0.2,58,58,0.001,1,0,0.0290046,7,1615.0825,2.60982,0.227828,12383.21
10,1000,0.2,26,26,0.001,1,0,0.0108791,7,1540.237,2.54425,0.195897,12565.63
10,1000,0.3,21,21,0.001,1,0,0.0235523,7,1577.4709,3.87598,0.38944,12484.04
10,1000,0.3,7,7,0.001,0,12,0.572445,13,1554.0086,3.79132,0.6198,10673.76
10,1000,0.3,49,49,0.001,1,0,0.0085103,7,1530.8819,3.81839,0.407284,12573.61
10,1000,0.3,62,62,0.001,1,0,0.0460093,7,1585.6969,3.87989,0.322452,12858.34
10,1000,0.1,45,45,0.001,1,0,0.00801763,7,1534.6646,1.26824,0.105047,10736.13
10,1000,0.2,12,12,0.001,1,0,0.0119399,7,1549.8027,2.55714,0.248206,10926.68
10,1000,0.2,40,40,0.001,1,0,0.0364891,7,1569.1365,2.57259,0.241341,6734.94
10,1000,0.1,36,36,0.001,1,0,0.0129734,7,1529.3503,1.26617,0.1072,1593.69
10,1000,0.2,54,54,0.001,1,0,0.0124681,7,1592.3303,2.59124,0.231403,1729.70
10,1000,0.1,8,8,0.001,1,0,0.00913759,7,1505.7018,1.25663,0.114399,1573.56
10,1000,0.3,58,58,0.001,1,0,0.0434643,7,1612.199,3.91473,0.341226,1755.85
10,1000,0.1,22,22,0.001,1,0,0.00925545,7,1515.7185,1.26482,0.151591,1679.43
10,1000,0.1,63,63,0.001,1,0,0.0204158,7,1495.3089,1.25436,0.13681,1646.27
10,1000,0.2,3,3,0.001,1,0,0.0254172,7,1548.9254,2.55587,0.246382,1944.05
10,1000,0.1,50,50,0.001,1,0,0.00775033,7,1616.8348,1.30301,0.106307,1723.51
10,1000,0.2,31,31,0.001,1,0,0.0337347,7,1559.9222,2.56638,0.256768,2135.90
10,1000,0.2,17,17,0.001,1,0,0.00862199,7,1512.4003,2.52217,0.217167,2048.63
10,1000,0.3,26,26,0.001,1,0,0.0171567,7,1537.3834,3.81638,0.29374,1829.04
10,1000,0.2,45,45,0.001,1,0,0.015712,7,1529.8573,2.53648,0.21049,1775.17
10,1000,0.3,12,12,0.001,1,0,0.0172762,7,1547.0652,3.83572,0.364923,1791.86
10,1000,0.2,36,36,0.001,1,0,0.0274941,7,1524.4248,2.53235,0.215502,1643.34
10,1000,0.3,40,40,0.001,1,0,0.0551989,7,1566.2517,3.85888,0.36292,1931.58
10,1000,0.3,54,54,0.001,1,0,0.0176259,7,1589.412,3.88686,0.348823,3880.55
10,1000,0.1,59,59,0.001,1,0,0.00229422,7,1551.5295,1.27746,0.127086,3541.93
10,1000,0.2,8,8,0.001,1,0,0.0188875,7,1500.764,2.51325,0.230164,4738.92
10,1000,0.2,22,22,0.001,1,0,0.0179615,7,1510.8018,2.52964,0.30368,4773.90
10,1000,0.1,27,27,0.001,1,0,0.01404,7,1611.7534,1.30193,0.118617,6893.64
10,1000,0.2,63,63,0.001,1,0,0.0398541,7,1490.4989,2.50873,0.272638,7002.44
10,1000,0.2,50,50,0.001,1,0,0.0152547,7,1611.9974,2.60602,0.212407,6984.34
10,1000,0.3,3,3,0.001,1,0,0.0398533,7,1545.9481,3.83381,0.369026,7165.76
10,1000,0.3,45,45,0.001,1,0,0.0221994,7,1527.0609,3.80473,0.313891,7030.77
10,1000,0.1,13,13,0.001,1,0,0.0052341,7,1514.5902,1.25949,0.103692,6826.51
10,1000,0.3,17,17,0.001,1,0,0.011838,7,1509.584,3.78326,0.327844,7342.39
10,1000,0.3,31,31,0.001,1,0,0.0508531,7,1557.0271,3.84958,0.386701,7495.85
10,1000,0.1,41,41,0.001,1,0,0.018546,7,1608.6878,1.30026,0.114945,6853.55
10,1000,0.2,59,59,0.001,1,0,0.00434289,7,1546.6387,2.55492,0.254683,4571.16
10,1000,0.1,55,55,0.001,1,0,0.00776528,7,1535.0237,1.27037,0.126372,4611.65
10,1000,0.3,22,22,0.001,1,0,0.0261411,7,1507.8862,3.79446,0.456432,3787.45
10,1000,0.3,8,8,0.001,1,0,0.0304996,7,1497.8306,3.76988,0.348398,3957.25
10,1000,0.3,36,36,0.001,0,15,3.33205,16,1640.4981,3.79852,0.783282,7818.62
10,1000,0.2,27,27,0.001,1,0,0.0284107,7,1606.8629,2.60387,0.237409,1649.65
10,1000,0.1,4,4,0.001,1,0,0.00920782,7,1584.1015,1.29511,0.161732,1518.83
10,1000,0.3,50,50,0.001,1,0,0.0224081,7,1609.1718,3.90903,0.318357,1775.31
10,1000,0.3,63,63,0.001,1,0,0.0575345,7,1487.7019,3.76309,0.408022,1881.89
10,1000,0.2,13,13,0.001,1,0,0.0110644,7,1509.6756,2.51898,0.209506,1753.16
10,1000,0.1,46,46,0.001,1,0,0.00387987,7,1631.3779,1.31151,0.133875,1782.45
10,1000,0.1,18,18,0.001,1,0,0.00631767,7,1541.2805,1.27122,0.107071,1701.06
10,1000,0.1,32,32,0.001,1,0,0.00996878,7,1573.9989,1.28496,0.105033,1714.86
10,1000,0.2,41,41,0.001,1,0,0.0360732,7,1603.8502,2.60053,0.22894,1712.38
10,1000,0.3,59,59,0.001,1,0,0.00608482,7,1543.7493,3.83238,0.382484,1513.60
10,1000,0.2,55,55,0.001,1,0,0.0155441,7,1530.2185,2.54074,0.25239,1595.89
10,1000,0.1,23,23,0.001,1,0,0.00838158,7,1465.2324,1.23816,0.104575,1573.39
10,1000,0.3,27,27,0.001,1,0,0.0419795,7,1603.977,3.9058,0.355208,1562.50
10,1000,0.1,9,9,0.001,1,0,0.00417386,7,1568.3564,1.28163,0.0928154,1660.28
10,1000,0.2,4,4,0.001,1,0,0.0185785,7,1579.2635,2.59022,0.32254,1569.19
10,1000,0.1,51,51,0.001,1,0,0.00333518,7,1623.9611,1.30885,0.137462,1485.40
10,1000,0.1,37,37,0.001,1,0,0.0045163,7,1613.6733,1.30363,0.127759,1661.69
10,1000,0.1,64,64,0.001,1,0,0.00190433,7,1612.8098,1.30136,0.10656,1708.65
10,1000,0.2,46,46,0.001,1,0,0.00741723,7,1626.5421,2.62303,0.267908,1810.61
10,1000,0.2,18,18,0.001,1,0,0.0118555,7,1536.4221,2.54244,0.216522,1814.36
10,1000,0.3,13,13,0.001,1,0,0.0174976,7,1506.8555,3.77848,0.315929,1879.07
10,1000,0.2,32,32,0.001,1,0,0.0198029,7,1569.2355,2.56991,0.209568,1824.55
10,1000,0.2,23,23,0.001,1,0,0.016913,7,1460.3335,2.47633,0.209803,2289.89
10,1000,0.2,47,47,0.001,1,0,0.0127725,7,1554.3796,2.56042,0.24258,2348.96
10,1000,0.1,14,14,0.001,1,0,0.00490561,7,1568.1265,1.28559,0.137772,2350.67
10,1000,0.3,4,4,0.001,1,0,0.0280127,7,1576.4495,3.88532,0.482205,2372.34
10,1000,0.1,28,28,0.001,1,0,0.0134902,7,1586.6405,1.29105,0.114004,2378.55
10,1000,0.2,9,9,0.001,1,0,0.00813673,7,1563.5137,2.56325,0.185824,2386.05
10,1000,0.1,60,60,0.001,1,0,0.00515329,7,1515.1481,1.26191,0.127115,2419.54
10,1000,0.3,55,55,0.001,1,0,0.0233106,7,1527.4271,3.81111,0.378107,2429.98
10,1000,0.2,37,37,0.001,1,0,0.00948068,7,1608.8052,2.60725,0.255136,2471.46
10,1000,0.3,41,41,0.001,1,0,0.0567313,7,1601.0341,3.90079,0.346859,2504.48
10,1000,0.3,42,42,0.001,1,0,0.0595517,7,1544.434,3.82505,0.286509,2529.07
10,1000,0.3,18,18,0.001,1,0,0.0198757,7,1533.5446,3.81367,0.323714,2558.35
10,1000,0.2,64,64,0.001,1,0,0.00362358,7,1607.9604,2.60273,0.212986,2572.10
10,1000,0.3,32,32,0.001,1,0,0.0295835,7,1566.4841,3.85487,0.313491,2651.75
10,1000,0.2,51,51,0.001,1,0,0.00755228,7,1619.0954,2.6177,0.275841,1452.57
10,1000,0.3,23,23,0.001,1,0,0.023722,7,1457.4287,3.71449,0.316832,1584.58
10,1000,0.2,14,14,0.001,1,0,0.00976861,7,1563.1916,2.57118,0.276075,1648.51
10,1000,0.1,5,5,0.001,1,0,0.013292,7,1505.4277,1.25635,0.113325,1643.91
10,1000,0.1,19,19,0.001,1,0,0.00724506,7,1564.7345,1.2811,0.106164,1466.75
10,1000,0.3,9,9,0.001,1,0,0.0100651,7,1560.7262,3.84488,0.281297,1709.54
10,1000,0.1,42,42,0.001,1,0,0.0203077,7,1552.0263,1.27502,0.0969043,1593.58
10,1000,0.2,60,60,0.001,1,0,0.0105082,7,1510.2763,2.52381,0.254708,1701.46
10,1000,0.1,56,56,0.001,1,0,0.00624944,7,1582.1794,1.28973,0.120264,1699.58
10,1000,0.2,28,28,0.001,1,0,0.027162,7,1581.8065,2.58209,0.227556,1755.71
10,1000,0.1,33,33,0.001,1,0,0.00933405,7,1565.9759,1.28306,0.122933,1608.14
10,1000,0.3,46,46,0.001,1,0,0.0110429,7,1623.7296,3.93454,0.403041,1846.32
10,1000,0.3,37,37,0.001,1,0,0.0150586,7,1605.9452,3.91088,0.382512,1932.81
10,1000,0.3,64,64,0.001,1,0,0.00517715,7,1605.1241,3.90409,0.319307,1873.65
10,1000,0.3,51,51,0.001,1,0,0.0121338,7,1616.2427,3.92655,0.415354,1266.22
10,1000,0.1,24,24,0.001,1,0,0.00740485,7,1598.2568,1.29757,0.131035,1279.27
10,1000,0.2,19,19,0.001,1,0,0.0151268,7,1559.8374,2.5622,0.213701,1202.44
10,1000,0.3,14,14,0.001,1,0,0.0144928,7,1560.2694,3.85676,0.414866,1792.27
10,1000,0.1,10,10,0.001,1,0,0.00716169,7,1506.2724,1.25861,0.132186,1696.17
10,1000,0.2,5,5,0.001,1,0,0.0275089,7,1500.5884,2.5127,0.227487,1797.30
10,1000,0.2,42,42,0.001,1,0,0.0402146,7,1547.226,2.55003,0.192591,1747.24
10,1000,0.3,28,28,0.001,1,0,0.0414604,7,1578.9829,3.87314,0.341122,1755.70
10,1000,0.1,38,38,0.001,1,0,0.00908322,7,1500.4312,1.25374,0.107529,1501.93
10,1000,0.2,33,33,0.001,1,0,0.0192073,7,1561.1321,2.56612,0.248319,1651.20
10,1000,0.1,47,47,0.001,1,0,0.0065127,7,1559.3085,1.28021,0.121391,1540.04
