# ODR-BINDy success rate on Lorenz63, read off Fig. 4 of Fung (2025), arXiv:2507.23426.
# Decoded from the colour of each heatmap cell (docs/Lorenz_Success.svg in llfung/ODR-BINDy)
# against the figure's colour bar; accurate to about +-0.02. 64 trials per cell (paper, Table 1).
T,noise,paper_success_rate
4,0.025,1.00
4,0.050,1.00
4,0.075,1.00
4,0.100,1.00
4,0.125,0.99
4,0.150,0.96
4,0.175,0.80
4,0.200,0.54
4,0.225,0.38
4,0.250,0.32
4,0.275,0.17
4,0.300,0.15
4,0.325,0.10
4,0.350,0.04
4,0.375,0.04
4,0.400,0.04
5,0.025,1.00
5,0.050,1.00
5,0.075,1.00
5,0.100,1.00
5,0.125,1.00
5,0.150,0.99
5,0.175,0.94
5,0.200,0.79
5,0.225,0.69
5,0.250,0.61
5,0.275,0.47
5,0.300,0.38
5,0.325,0.26
5,0.350,0.17
5,0.375,0.10
5,0.400,0.17
6,0.025,1.00
6,0.050,1.00
6,0.075,1.00
6,0.100,1.00
6,0.125,1.00
6,0.150,1.00
6,0.175,0.97
6,0.200,0.94
6,0.225,0.86
6,0.250,0.77
6,0.275,0.69
6,0.300,0.55
6,0.325,0.46
6,0.350,0.30
6,0.375,0.26
6,0.400,0.18
7,0.025,1.00
7,0.050,1.00
7,0.075,1.00
7,0.100,1.00
7,0.125,1.00
7,0.150,0.99
7,0.175,0.99
7,0.200,0.93
7,0.225,0.88
7,0.250,0.83
7,0.275,0.76
7,0.300,0.69
7,0.325,0.51
7,0.350,0.40
7,0.375,0.30
7,0.400,0.23
8,0.025,1.00
8,0.050,1.00
8,0.075,1.00
8,0.100,1.00
8,0.125,1.00
8,0.150,1.00
8,0.175,0.99
8,0.200,0.99
8,0.225,0.96
8,0.250,0.93
8,0.275,0.93
8,0.300,0.91
8,0.325,0.77
8,0.350,0.71
8,0.375,0.52
8,0.400,0.38
9,0.025,1.00
9,0.050,0.99
9,0.075,0.99
9,0.100,0.99
9,0.125,0.99
9,0.150,0.99
9,0.175,0.99
9,0.200,0.99
9,0.225,0.99
9,0.250,0.97
9,0.275,0.96
9,0.300,0.93
9,0.325,0.85
9,0.350,0.76
9,0.375,0.68
9,0.400,0.61
10,0.025,1.00
10,0.050,1.00
10,0.075,1.00
10,0.100,1.00
10,0.125,1.00
10,0.150,1.00
10,0.175,1.00
10,0.200,1.00
10,0.225,0.99
10,0.250,0.94
10,0.275,0.97
10,0.300,0.90
10,0.325,0.90
10,0.350,0.85
10,0.375,0.82
10,0.400,0.71
